family_id,label,df,family_size,cluster,members,degree,strength,betweenness,betweenness_null_mean,betweenness_z,closeness,eigenvector,pagerank,clustering,core_number,df_L1,df_L2,df_L3,provenance_ratio,keyword_ratio,betweenness_L1,betweenness_L2,betweenness_L3
12,athletic,76.0,1,6,athletic,43,3.3395,0.038244350878452994,0.01167,11.016,0.4164588528678304,0.040309079455744475,0.0035957695298087134,0.06755260243632337,11,12,22,76,0.1579,0.2895,0.010018,0.01731,0.025788
2,coaches,131.0,1,3,coaches,37,3.1422,0.034464803526380525,0.001612,35.041,0.4098159509202454,0.013794105409636053,0.0028616372201164635,0.0960960960960961,11,26,30,131,0.1985,0.229,0.091283,0.048712,0.027209
8,countries,84.0,1,0,countries,43,3.4881,0.03246281051091221,0.012383,7.283,0.3906432748538012,0.003874305139149248,0.0038101400494050097,0.09191583610188261,11,10,11,84,0.119,0.131,0.005212,0.001852,0.033684
11,participation,78.0,1,3,participation,39,3.3788,0.027201967878336283,0.007719,8.852,0.40386940749697703,0.006447085225737755,0.0032352622090782374,0.08636977058029689,11,5,12,78,0.0641,0.1538,0.0,0.001771,0.017917
5,framework,121.0,1,4,framework,39,3.1138,0.027022416935244955,0.003198,17.066,0.4217171717171717,0.0489502762883881,0.0028763647997208652,0.11201079622132254,11,5,7,121,0.0413,0.0579,0.001968,0.002253,0.014002
20,ecosystem,71.0,1,4,ecosystem,50,4.7286,0.023763567318137342,0.003007,16.507,0.41490683229813663,0.1396614906718235,0.003979208476573855,0.18857142857142858,12,10,13,71,0.1408,0.1831,0.007211,0.00531,0.020864
29,governance,55.0,1,5,governance,52,4.7504,0.02307678496081301,0.002664,16.307,0.4175,0.01395611788805039,0.004440981957767718,0.1033182503770739,11,10,23,55,0.1818,0.4182,0.004732,0.02455,0.003233
73,injury,48.0,1,4,injury,53,4.9342,0.022829902414062433,0.005488,9.94,0.41594022415940224,0.14955354645650648,0.0043111846303693965,0.18359941944847605,12,10,17,48,0.2083,0.3542,0.00653,0.008888,0.003483
3,olympic,143.0,2,0,olympic | olympic sports,32,3.3304,0.02137553977502267,0.010612,4.554,0.39271017048794826,0.004510509775758255,0.003254029677208573,0.14717741935483872,11,42,64,143,0.2937,0.4476,0.146304,0.155489,0.034366
28,athlete development,89.0,2,3,athlete development | sport development,48,4.6608,0.021124168454694812,0.010276,4.039,0.4346128822381262,0.018121313857256446,0.004091107442942719,0.10726950354609929,11,21,42,89,0.236,0.4719,0.041421,0.054053,0.021128
55,structural,45.0,1,5,structural,44,3.7583,0.020423919776638627,0.00834,5.506,0.42118537200504413,0.009863525839610808,0.0035968126590342486,0.06342494714587738,11,5,6,45,0.1111,0.1333,0.0,0.0,0.000442
6,challenges,100.0,1,4,challenges,36,3.2018,0.02034312185224753,0.012703,2.661,0.4175,0.06210776294106528,0.0027846312293302055,0.15079365079365079,11,12,12,100,0.12,0.12,0.009348,0.0,0.019146
14,strategies,99.0,1,4,strategies,41,3.4203,0.01988077817378736,0.007317,6.462,0.422517394054396,0.08388751405363716,0.002846782918609015,0.15853658536585366,12,12,18,99,0.1212,0.1818,0.01489,0.007991,0.024983
32,outcomes,65.0,1,1,outcomes,38,3.3241,0.019746114966468862,0.007182,6.201,0.4230525649145028,0.024881968343357687,0.0029563209184834474,0.11379800853485064,11,2,4,65,0.0308,0.0615,0.0,0.0,0.013319
15,experiences,67.0,1,6,experiences,37,3.0726,0.0193219258634156,0.004187,10.448,0.4083129584352078,0.016320780740787567,0.0029850005216243516,0.08408408408408409,11,18,20,67,0.2687,0.2985,0.026509,0.013406,0.021585
33,performance sport,85.0,2,1,performance sport | sport performance,28,2.3708,0.018004470818482977,0.003748,10.768,0.39155920281359907,0.00867443472406352,0.0022623908047400216,0.13227513227513227,11,23,38,85,0.2706,0.4471,0.042541,0.103599,0.022073
24,global,58.0,1,0,global,39,3.5522,0.016783524405461943,0.002067,16.597,0.4021673690547863,0.00665282504804546,0.0035455976726096,0.08232118758434548,11,13,13,58,0.2241,0.2241,0.008933,0.002222,0.005183
526,directors,9.0,1,0,directors,10,0.6964,0.016496242896515814,0.001217,19.452,0.37131739855475265,0.001936158582881598,0.0008423889693749075,0.3111111111111111,9,0,0,9,0.0,0.0,0.0,0.0,0.0
13,policies,71.0,1,0,policies,32,2.7743,0.016437888840011135,0.009659,3.003,0.38882421420256114,0.004391889737932011,0.002982018743865997,0.10685483870967742,10,7,10,71,0.0986,0.1408,0.0,0.000299,0.018258
582,coach development,8.0,1,3,coach development,10,0.6054,0.01643340006643385,0.000206,80.325,0.37131739855475265,0.006264430054923095,0.0007106538280672301,0.26666666666666666,10,1,2,8,0.125,0.25,0.0,0.0,0.0
36,higher,51.0,1,1,higher,40,3.4583,0.016132652236755876,0.011491,1.711,0.40484848484848485,0.007890929083823321,0.003439859563739039,0.07179487179487179,11,4,5,51,0.0784,0.098,0.0,0.0,0.004074
19,stakeholders,75.0,1,4,stakeholders,34,2.9908,0.01554013412455449,0.011032,1.768,0.40583232077764275,0.029336443116488333,0.0028578284493165846,0.08377896613190731,11,9,14,75,0.12,0.1867,0.001129,0.0068,0.016947
46,psychological,47.0,1,1,psychological,49,4.7212,0.015430159171911052,0.008484,3.114,0.41413515189088657,0.011724393985147666,0.004292871347047228,0.09608843537414966,11,10,18,47,0.2128,0.383,0.005767,0.006157,0.001805
10,youth,82.0,1,3,youth,43,4.8193,0.01540098214365871,0.012589,1.033,0.4143920595533499,0.01654335358544959,0.004144226552303984,0.1638981173864895,11,26,46,82,0.3171,0.561,0.072303,0.146514,0.022613
56,clubs,58.0,1,3,clubs,26,2.0358,0.014965571106662238,0.004287,7.395,0.3845710995970063,0.003209788101455426,0.002231301436798548,0.043076923076923075,10,5,9,58,0.0862,0.1552,0.0,0.002256,0.009181
16,coaching,63.0,2,3,coaching | sports coaching,32,2.8417,0.014584025352593165,0.008391,2.79,0.41107692307692306,0.022637947483458206,0.0026291652194278055,0.11088709677419355,11,8,21,63,0.127,0.3333,0.003922,0.004442,0.009719
21,talent,66.0,2,3,talent | talented,40,4.6241,0.01428327752291519,0.003561,8.394,0.4108241082410824,0.02099895648273579,0.003958330921937181,0.17692307692307693,11,22,40,66,0.3333,0.6061,0.062374,0.06411,0.01227
18,opportunities,63.0,1,3,opportunities,34,2.765,0.014072305164782879,0.016349,-0.665,0.40756558877364246,0.014307259772620857,0.0026518343951488495,0.08021390374331551,11,2,5,63,0.0317,0.0794,0.0,0.0,0.010937
49,identification,46.0,1,3,identification,38,4.1916,0.013937641957464383,0.004672,6.606,0.40706886045094454,0.027036595193119142,0.0038744042521449786,0.1251778093883357,11,11,21,46,0.2391,0.4565,0.001838,0.011693,0.002859
68,association,52.0,1,6,association,33,2.7737,0.013935397570675741,0.002912,9.595,0.40632603406326034,0.007055728339371331,0.0027534354773581875,0.0946969696969697,11,7,9,52,0.1346,0.1731,0.001256,0.001606,0.00423
25,issues,58.0,1,0,issues,23,1.5813,0.013847866485918719,0.000649,26.638,0.3729759910664433,0.002104948685772083,0.0018210056968599334,0.043478260869565216,10,1,1,58,0.0172,0.0172,0.0,0.0,0.006345
44,influence,60.0,1,5,influence,17,1.1088,0.013677293089981956,0.015754,-0.641,0.3698781838316722,0.002450977330490972,0.0014001138876122276,0.029411764705882353,8,1,3,60,0.0167,0.05,0.0,0.0,0.009501
48,women,47.0,1,2,women,34,3.2061,0.013419188609288172,0.019364,-1.528,0.3897316219369895,0.004799973498080183,0.0033268090689751208,0.09269162210338681,11,16,22,47,0.3404,0.4681,0.021221,0.014588,0.002435
30,practical,55.0,1,3,practical,38,3.3615,0.013376545260303982,0.010266,1.221,0.41594022415940224,0.022597596014182215,0.0031974490909478137,0.07396870554765292,11,1,1,55,0.0182,0.0182,0.0,0.0,0.003384
90,integration,36.0,1,4,integration,49,4.4571,0.013244126439774125,0.005899,3.934,0.4103194103194103,0.14643495604107593,0.003645830561287084,0.18537414965986396,12,5,8,36,0.1389,0.2222,9e-06,0.000375,0.000571
580,champions,8.0,1,0,champions,9,0.5899,0.0129837775722917,0.000842,17.403,0.35741037988229,0.003307727537397864,0.0007605010851078002,0.16666666666666666,8,1,1,8,0.125,0.125,0.0,0.0,0.0
45,models,60.0,2,1,models | modelling,44,3.8222,0.012909712808266527,0.002526,10.342,0.4284797947402181,0.011980421416796644,0.0034599582741050502,0.0824524312896406,11,6,10,60,0.1,0.1667,0.002003,0.001878,0.00586
38,institutional,51.0,1,5,institutional,41,3.5806,0.01290073526111196,0.0039,6.393,0.41568139390168013,0.01146040280063281,0.003490387043740928,0.07560975609756097,11,10,14,51,0.1961,0.2745,0.013631,0.006506,0.002842
50,mental,46.0,1,1,mental,55,6.1594,0.012819937336720863,0.003426,7.485,0.43180349062702006,0.01950373270212869,0.0054083669697392355,0.12188552188552189,11,23,28,46,0.5,0.6087,0.052566,0.02722,0.003659
97,sustainable,45.0,2,4,sustainable | sustainability,51,4.7029,0.012546122148506585,0.007197,2.858,0.4441489361702128,0.06803655518476404,0.004145030267317257,0.11529411764705882,11,7,14,45,0.1556,0.3111,0.0,0.000243,0.002372
618,likelihood,8.0,1,3,likelihood,10,0.5751,0.011944626489150635,0.001629,12.087,0.3593329747175901,0.003127953295517858,0.0006797649511042804,0.3111111111111111,9,0,0,8,0.0,0.0,0.0,0.0,0.0
37,insights,67.0,1,4,insights,33,2.9686,0.011834651536507196,0.003928,5.81,0.41336633663366334,0.03523201384405482,0.0027335009204009523,0.10606060606060606,11,5,5,67,0.0746,0.0746,0.0,0.0,0.01275
89,historical,36.0,1,5,historical,48,4.4826,0.011394751725933442,0.00173,9.025,0.4315245478036176,0.014967813686421827,0.004254806704588907,0.10638297872340426,11,3,3,36,0.0833,0.0833,0.0,0.0,0.000555
74,post,44.0,1,6,post,24,1.8509,0.011006472811498443,0.005187,3.72,0.3870220162224797,0.00934481286601906,0.002155990755099782,0.057971014492753624,10,5,9,44,0.1136,0.2045,0.0,0.0,0.003517
31,organizations,88.0,2,5,organizations | organisations,18,1.3886,0.01036008941636966,0.00608,2.368,0.3721448467966574,0.0031167307240561725,0.0016013411911740612,0.08496732026143791,9,7,12,88,0.0795,0.1364,0.0,0.0,0.026745
7,competitive,93.0,1,0,competitive,20,1.6066,0.010256847624092147,0.005653,2.716,0.3744394618834081,0.0029692395929327166,0.0017323921509400052,0.06842105263157895,10,13,25,93,0.1398,0.2688,0.011829,0.028073,0.038471
72,gender,39.0,1,2,gender,43,4.2123,0.010126673190350934,0.004468,3.881,0.4108241082410824,0.0072682745840178115,0.004138603309788867,0.09634551495016612,11,9,18,39,0.2308,0.4615,0.001209,0.007016,0.000798
95,dynamics,50.0,1,6,dynamics,26,2.091,0.00989774573790949,0.016904,-2.086,0.3799772468714448,0.012708406393976569,0.0022257494891203926,0.04923076923076923,11,4,13,50,0.08,0.26,0.0,0.0,0.004178
9,games,84.0,1,0,games,27,2.9919,0.009839391681404807,0.010894,-0.402,0.3786848072562358,0.003686058368491821,0.002958533760992465,0.2022792022792023,10,13,32,84,0.1548,0.381,0.000201,0.013618,0.032521
17,implications,63.0,1,3,implications,23,1.7757,0.009790015172054693,0.008463,0.549,0.38346727898966704,0.007655857510664386,0.0018032091195492102,0.05138339920948617,11,6,6,63,0.0952,0.0952,0.00191,8.9e-05,0.014286
109,concept,46.0,1,1,concept,20,1.4209,0.009772060077745559,0.00693,1.264,0.36824696802646084,0.0066117576620463876,0.0017992035606053504,0.07368421052631578,11,1,3,46,0.0217,0.0652,0.0,0.0,0.00305
57,educational,44.0,1,7,educational,34,2.9622,0.00975859375701371,0.006727,1.564,0.39904420549581837,0.00824167833757529,0.002892183445910641,0.08021390374331551,11,2,3,44,0.0455,0.0682,0.0,0.0,0.000575
42,players,49.0,1,2,players,32,3.0619,0.009403980644408335,0.002342,5.556,0.38434982738780205,0.0064610697213837946,0.0031222719064760425,0.09475806451612903,11,9,10,49,0.1837,0.2041,0.006426,0.001388,0.011115
4,sporting,103.0,1,0,sporting,14,1.1475,0.009291761304976255,0.009313,-0.008,0.3595263724434876,0.003972349822546201,0.0013069521260085572,0.13186813186813187,9,13,19,103,0.1262,0.1845,0.012204,0.017393,0.032283
40,non,50.0,1,5,non,22,1.6428,0.00926931743708984,0.007489,0.828,0.37804187889077534,0.0031328573333962166,0.0018478865995017772,0.06060606060606061,10,5,6,50,0.1,0.12,0.004823,0.0,0.001472
47,values,47.0,1,2,values,18,1.3536,0.009251362342780706,0.009932,-0.277,0.3686534216335541,0.004981183007092321,0.0016985645773444202,0.032679738562091505,9,4,9,47,0.0851,0.1915,0.001999,0.000883,0.00187
54,programs,78.0,2,1,programs | programmes,35,3.3397,0.009022434890339262,0.005145,2.551,0.4309677419354839,0.015213436294657098,0.0030001032131721267,0.07899159663865546,11,8,9,78,0.1026,0.1154,9e-06,0.0,0.019162
83,unique,38.0,1,8,unique,26,2.0919,0.008797996211475102,0.002183,6.489,0.3904149620105202,0.014280010543328628,0.0021207028773841535,0.08,11,2,2,38,0.0526,0.0526,0.0,0.0,0.001306
450,tensions,11.0,1,3,tensions,12,0.9565,0.008721687060661287,0.001059,12.554,0.37976122797043776,0.005756601522292223,0.0010611234618570341,0.07575757575757576,10,1,1,11,0.0909,0.0909,0.0,0.0,0.0
59,comprehensive,43.0,1,5,comprehensive,30,2.4201,0.00862966720232698,0.003234,4.217,0.3992827256425583,0.017992946175862206,0.0024570195525097727,0.06436781609195402,11,2,3,43,0.0465,0.0698,0.0,0.0,0.00097
60,implementation,43.0,1,4,implementation,44,4.0665,0.008470315740333427,0.006787,0.78,0.42493638676844786,0.07500148884905639,0.003581132268962553,0.1427061310782241,12,7,11,43,0.1628,0.2558,0.000875,0.0,0.00147
65,limited,41.0,1,5,limited,37,3.2326,0.008425428004560595,0.011651,-1.104,0.4118372379778052,0.014645294994739048,0.0029939721332845003,0.0915915915915916,11,1,1,41,0.0244,0.0244,0.0,0.0,0.000491
613,ioc,8.0,1,0,ioc,12,1.1642,0.008288520410453457,9.6e-05,15.504,0.36147186147186144,0.0017435245471462272,0.0012208470824822454,0.4090909090909091,10,1,3,8,0.125,0.375,0.0,0.0,0.0
39,processes,51.0,1,3,processes,23,2.0872,0.008272809702932966,0.001806,7.014,0.37804187889077534,0.007841828591720557,0.0021369899353656393,0.14624505928853754,10,3,3,51,0.0588,0.0588,0.0,0.0,0.004116
127,categories,35.0,1,2,categories,28,2.4683,0.00816732352386681,0.005488,1.655,0.39224897240164414,0.00468459763008428,0.0025716415715603988,0.08994708994708994,11,0,0,35,0.0,0.0,0.0,0.0,0.001017
82,themes,38.0,1,6,themes,35,3.0391,0.008010216448661898,0.003503,3.485,0.4118372379778052,0.011511236239439136,0.0029435262337878577,0.08403361344537816,11,0,0,38,0.0,0.0,0.0,0.0,0.001572
75,relevant,39.0,1,0,relevant,27,2.0754,0.00797206187325499,0.002976,3.992,0.3854587420657819,0.003501612807628624,0.0021604284002708606,0.04843304843304843,11,0,0,39,0.0,0.0,0.0,0.0,0.001492
164,relative,24.0,1,3,relative,33,3.1655,0.007936151684636725,0.002065,6.793,0.39856801909307876,0.0072032474591738,0.0031774611223324106,0.09090909090909091,11,5,5,24,0.2083,0.2083,0.0,0.0,3.6e-05
104,interventions,52.0,1,1,interventions,25,1.9863,0.007904730269595742,0.003877,2.425,0.3945658594211459,0.005670748189365937,0.0020384588938224964,0.06666666666666667,11,4,7,52,0.0769,0.1346,0.0,0.0,0.003774
142,relation,51.0,1,0,relation,21,1.6563,0.007868820080977477,0.002991,3.6,0.3836875358989087,0.002458440108290252,0.0018316871414962071,0.05238095238095238,10,4,7,51,0.0784,0.1373,0.003991,3.6e-05,0.003322
79,characteristics,38.0,1,3,characteristics,19,1.481,0.007803732864106869,0.00613,0.941,0.36030204962243795,0.001145964447271012,0.0018472629753321964,0.05263157894736842,10,2,2,38,0.0526,0.0526,0.0,0.0,0.000616
107,application,39.0,1,4,application,32,2.8269,0.007689269137886147,0.003146,4.476,0.3904149620105202,0.07058006328313915,0.0026380003377612614,0.13709677419354838,11,4,4,39,0.1026,0.1026,0.001995,0.0,0.002644
26,conditions,57.0,1,8,conditions,16,1.1412,0.00721794791227141,0.015163,-2.471,0.3698781838316722,0.004694410374024915,0.0013322603891040932,0.025,10,3,5,57,0.0526,0.0877,0.0,0.0,0.008476
513,anxiety,9.0,1,1,anxiety,14,1.3468,0.007105728572839329,0.002363,4.607,0.37549184935356944,0.004564876642376949,0.001314230305493188,0.3076923076923077,11,0,1,9,0.0,0.1111,0.0,0.0,0.0
488,national olympic,10.0,1,0,national olympic,15,1.2853,0.00709226225210748,0.00089,7.851,0.3795454545454545,0.0035142946011399857,0.0013340211308608288,0.1523809523809524,11,1,1,10,0.1,0.1,0.0,0.0,0.0
553,philosophy,9.0,1,6,philosophy,5,0.2376,0.007060840837066497,0.003386,3.208,0.3389142567224759,0.0011491608681805947,0.0004207762695254148,0.5,5,0,2,9,0.0,0.2222,0.0,0.0,0.0
444,sociocultural,11.0,1,7,sociocultural,13,1.0785,0.007018197488082307,0.001252,6.794,0.3744394618834081,0.0032888486046515684,0.0011205351893891437,0.15384615384615385,11,0,0,11,0.0,0.0,0.0,0.0,0.0
130,inclusive,29.0,1,2,inclusive,36,3.2229,0.006948621497634417,0.002508,4.421,0.42039018250471993,0.020160025977216937,0.0030454081168809167,0.0761904761904762,11,3,7,29,0.1034,0.2414,0.0,0.0,2.2e-05
78,activity,61.0,1,5,activity,23,1.9778,0.006944132724057134,0.006168,0.449,0.3744394618834081,0.003992390924220139,0.001986907769251071,0.1383399209486166,11,4,12,61,0.0656,0.1967,0.001941,0.002182,0.012297
500,retirement,10.0,1,6,retirement,9,0.5915,0.006932910790113925,0.000396,20.937,0.36108108108108106,0.0018139595145729012,0.0007551055681894563,0.2777777777777778,8,1,1,10,0.1,0.1,0.0,0.0,0.0
446,stronger,11.0,1,5,stronger,12,0.9049,0.006910466922227509,0.002258,4.63,0.38106103822019394,0.003052373920095336,0.001009912513412372,0.13636363636363635,10,0,0,11,0.0,0.0,0.0,0.0,0.0
51,self,46.0,1,1,self,25,2.0924,0.006836402158202337,0.004455,1.548,0.385014409221902,0.005376909173339564,0.002197212308558728,0.1,11,6,9,46,0.1304,0.1957,0.0,0.0,0.003345
405,retention,12.0,1,3,retention,20,1.8283,0.006825180224259129,0.000426,10.991,0.3936358279316441,0.005127607731963641,0.001813360484753612,0.15789473684210525,11,2,5,12,0.1667,0.4167,0.0,0.0,0.0
84,federations,53.0,1,0,federations,21,1.7413,0.006813958290315921,0.003071,3.197,0.37911464245175935,0.002952773437214938,0.0018228622896645495,0.0761904761904762,10,5,10,53,0.0943,0.1887,0.0,0.001504,0.004092
41,teams,50.0,1,2,teams,15,1.0559,0.006688272630151991,0.001018,7.245,0.3556975505857295,0.0010326209510228442,0.001381842372978573,0.05714285714285714,8,5,5,50,0.1,0.1,0.0,0.0,0.006967
62,environments,42.0,1,1,environments,30,2.692,0.006683783856574707,0.007495,-0.385,0.40806353084911423,0.01953637182379213,0.0025263362352521026,0.08735632183908046,11,3,5,42,0.0714,0.119,0.0,0.0,0.000721
801,foucauldian,8.0,2,1,foucauldian | foucault,9,0.881,0.006683783856574707,0.0,0.0,0.36622807017543857,0.004938727764644675,0.0010789109542414122,0.1388888888888889,7,0,4,8,0.0,0.5,0.0,0.0,0.0
66,national sport,45.0,2,0,national sport | national sporting,29,2.5372,0.006567075743565343,0.007886,-0.619,0.38882421420256114,0.0038369108793826503,0.0027301106134723207,0.059113300492610835,11,8,11,45,0.1778,0.2444,0.000107,0.0,0.002618
410,validation,12.0,1,4,validation,20,1.8144,0.006418946215514997,0.002682,3.118,0.387695879280325,0.04002789614652498,0.0017718117980486058,0.13157894736842105,11,4,5,12,0.3333,0.4167,0.0,0.0,0.0
639,stories,8.0,1,6,stories,9,0.679,0.006374058479742165,5.1e-05,145.306,0.3572192513368984,0.001608021712097154,0.0008808170204691558,0.16666666666666666,8,1,1,8,0.125,0.125,0.0,0.0,0.0
454,transparency,11.0,1,4,transparency,17,1.4215,0.006360592159010316,0.001942,3.838,0.3890506697728596,0.02933985038256076,0.0014193945693184748,0.14705882352941177,11,1,1,11,0.0909,0.0909,0.0,0.0,0.0
102,mechanisms,43.0,1,5,mechanisms,30,2.7095,0.0062955049421397095,0.004919,0.814,0.40856269113149846,0.008617074547299474,0.0026235425470834267,0.10804597701149425,11,2,2,43,0.0465,0.0465,0.0,0.0,0.00025
129,identity,31.0,1,6,identity,27,2.2438,0.006172063668764421,0.001398,6.064,0.4012012012012012,0.004831300745861668,0.0023181939343509227,0.06837606837606838,11,7,12,31,0.2258,0.3871,0.0,0.0,9.3e-05
115,pathways,44.0,1,3,pathways,42,3.9204,0.006167574895187137,0.006475,-0.145,0.41285537700865266,0.010967019856970756,0.0035326241370945543,0.1173054587688734,11,12,16,44,0.2727,0.3636,0.000749,0.000341,0.001275
61,china,57.0,2,0,china | chinese,20,1.7346,0.006086776970796039,0.002559,3.228,0.3698781838316722,0.002287411189603243,0.001873639735406247,0.07368421052631578,10,36,37,57,0.6316,0.6491,0.080316,0.060366,0.011889
395,longitudinal,12.0,1,3,longitudinal,19,1.672,0.0060082234331935835,0.001239,6.246,0.3934040047114252,0.0060612428355323105,0.0015970733801370875,0.19298245614035087,11,3,4,12,0.25,0.3333,0.0,0.0,0.0
548,motor,9.0,1,1,motor,9,0.6408,0.005988023952095809,0.000981,6.238,0.35494155154091395,0.0023793683880372926,0.0007604313479785327,0.19444444444444445,9,2,6,9,0.2222,0.6667,0.0,0.00224,0.0
620,metrics,8.0,1,4,metrics,14,1.3629,0.005983535178518525,0.0,0.0,0.3656267104542967,0.06887890020667879,0.0011623562076450546,0.4175824175824176,11,0,0,8,0.0,0.0,0.0,0.0,0.0
611,inductive,8.0,1,9,inductive,11,0.9822,0.005949869376688901,0.001278,5.834,0.36967349197565025,0.00329435034679169,0.0010827403628598476,0.2,9,0,1,8,0.0,0.125,0.0,0.0,0.0
371,uk,13.0,1,0,uk,20,1.6842,0.005920692348436561,0.000186,30.532,0.39224897240164414,0.00411570313907024,0.0017024089581775717,0.1631578947368421,11,3,3,13,0.2308,0.2308,0.0,0.0,0.0
81,systemic,38.0,1,2,systemic,29,2.3517,0.005846627584411387,0.005141,0.416,0.3895043731778426,0.006898032455491233,0.0024824177613238727,0.054187192118226604,11,2,3,38,0.0526,0.0789,0.0,0.0,0.000229
99,evaluation,33.0,1,4,evaluation,31,2.6296,0.005839894424045463,0.009917,-1.627,0.3895043731778426,0.053187804034263764,0.002588742196279721,0.12043010752688173,11,4,8,33,0.1212,0.2424,0.0,0.0,0.000143
35,importance,52.0,1,1,importance,22,1.7435,0.005830916876890896,0.007808,-0.965,0.385014409221902,0.005013556325776836,0.0018598059590176673,0.1038961038961039,11,1,1,52,0.0192,0.0192,0.0,0.0,0.0028
705,portuguese,8.0,2,5,portuguese | portugal,10,0.7865,0.005799495461849914,0.0,0.0,0.36205962059620594,0.0029465683238439257,0.000863478959833176,0.2,10,7,7,8,0.875,0.875,5.4e-05,0.002173,0.0
108,barriers,31.0,1,7,barriers,22,1.9456,0.0057231863110360996,0.006246,-0.288,0.37485970819304154,0.0027103961468881795,0.0019444828016195355,0.1341991341991342,11,3,3,31,0.0968,0.0968,0.0,0.0,0.000248
22,resources,60.0,1,0,resources,19,1.4492,0.00568278734884055,0.010316,-1.93,0.3725599553820413,0.002841504710165959,0.0016119231801495996,0.04093567251461988,10,3,6,60,0.05,0.1,4e-06,0.002262,0.010378
23,events,59.0,1,0,events,21,2.1479,0.00557056800940847,0.004054,1.142,0.36906077348066296,0.0044615063452352315,0.002385408527430188,0.14761904761904762,10,3,6,59,0.0508,0.1017,0.0,0.0,0.012538
492,prediction,13.0,1,4,prediction,25,2.9002,0.0054531117674695585,0.000405,14.178,0.39643916913946586,0.13083139374401329,0.002268978283457568,0.3466666666666667,12,0,1,13,0.0,0.0769,0.0,0.0,0.0
100,football,33.0,1,2,football,19,1.6994,0.005417949707780841,0.006515,-0.611,0.37193763919821826,0.010962882850336506,0.0019317511064456782,0.07017543859649122,10,12,17,33,0.3636,0.5152,0.007795,0.006483,0.00043
597,elite performance,8.0,1,5,elite performance,14,1.0418,0.0054134609342035575,8.6e-05,13.956,0.3908718548858982,0.006426886218495677,0.0010397822185395067,0.18681318681318682,11,0,0,8,0.0,0.0,0.0,0.0,0.0
288,institute,15.0,1,1,institute,24,2.2298,0.005391017066317142,0.0,0.0,0.39503252513305737,0.0036309807440132306,0.0021971253139981355,0.12681159420289856,11,0,0,15,0.0,0.0,0.0,0.0,0.0
570,summary,9.0,1,1,summary,12,0.9854,0.0053775507455852915,0.000288,17.147,0.3652268999453253,0.004306130827649382,0.0010489840365408571,0.24242424242424243,11,0,0,9,0.0,0.0,0.0,0.0,0.0
27,aspects,56.0,1,2,aspects,9,0.6106,0.005373061972008008,0.017062,-3.333,0.34737389495579823,0.003521265394349356,0.0008355520154913858,0.027777777777777776,7,4,4,56,0.0714,0.0714,0.0,0.0,0.005163
58,relationships,44.0,1,6,relationships,24,1.9941,0.0053326630098124595,0.013662,-2.716,0.3830275229357798,0.004726606262137784,0.0021094098227982467,0.06521739130434782,11,2,4,44,0.0455,0.0909,0.0,0.0,0.001862
422,handball,11.0,1,3,handball,16,1.6409,0.005281042113673703,0.000295,17.623,0.3771880293619424,0.007232515115723839,0.0016398558823427325,0.18333333333333332,10,6,8,11,0.5455,0.7273,0.0,0.0,0.0
352,fitness,13.0,1,7,fitness,17,1.4951,0.0051845334817621136,0.001016,6.0,0.3845710995970063,0.011243607748335155,0.0015091505879820828,0.15441176470588236,11,1,4,13,0.0769,0.3077,0.0,0.0,0.0
92,contexts,35.0,1,2,contexts,28,2.4667,0.005157600840298414,0.0019,3.369,0.40682095006090135,0.007301711387453259,0.0025033712210430128,0.07936507936507936,11,1,1,35,0.0286,0.0286,0.0,0.0,0.000183
440,robust,11.0,1,3,robust,17,1.3825,0.005144134519566564,6.6e-05,38.166,0.40023966446974235,0.03313812898493472,0.0012738391268322736,0.16911764705882354,11,0,0,11,0.0,0.0,0.0,0.0,0.0
535,inequities,9.0,1,2,inequities,9,0.8069,0.005139645745989282,0.000136,26.175,0.35779325120514194,0.004043371633517342,0.0009413746360091811,0.16666666666666666,9,0,0,9,0.0,0.0,0.0,0.0,0.0
64,structures,42.0,1,5,structures,32,3.136,0.005117201878102865,0.006441,-0.619,0.40583232077764275,0.008455949814676643,0.003029932664012577,0.11290322580645161,11,3,3,42,0.0714,0.0714,0.0,0.0,0.000906
116,recommendations,31.0,1,3,recommendations,27,2.3585,0.005085780463061883,0.005503,-0.232,0.3969102792632204,0.019212210263543604,0.002252035214515829,0.09116809116809117,11,3,4,31,0.0968,0.129,0.0,0.0,0.000188
80,cross,38.0,1,1,cross,29,2.765,0.0050543590480209,0.008701,-1.633,0.3881464264962231,0.00456740911278966,0.0025651985725836583,0.14039408866995073,11,5,8,38,0.1316,0.2105,0.001999,0.003262,0.000643
196,gap,32.0,1,2,gap,28,2.5389,0.005049870274443617,0.002861,1.755,0.3962040332147094,0.021369612451042644,0.0026151285024552874,0.09259259259259259,11,1,1,32,0.0312,0.0312,0.0,0.0,0.00011
388,ecological,17.0,2,7,ecological | ecology,30,2.806,0.004933162161434254,6.4e-05,61.054,0.4126003705991353,0.0071561279929167375,0.002633352636355868,0.13793103448275862,11,4,10,17,0.2353,0.5882,0.0,0.0,7e-06
509,vision,10.0,1,4,vision,9,0.8123,0.004924184614279687,0.00014,18.321,0.35139400315623354,0.05105120552187033,0.0007674306842440195,0.7777777777777778,9,0,0,10,0.0,0.0,0.0,0.0,0.0
98,efforts,33.0,1,5,efforts,21,1.7342,0.0047940101805384735,0.002748,1.976,0.37235228539576365,0.0032970921810518516,0.0018655186234384099,0.1380952380952381,11,0,0,33,0.0,0.0,0.0,0.0,0.000887
88,goals,36.0,1,5,goals,27,2.3477,0.00478952140696119,0.015773,-3.43,0.4014423076923077,0.007450064485340877,0.00243588104423335,0.06837606837606838,11,2,2,36,0.0556,0.0556,0.0,0.0,0.00026
206,australian,29.0,2,1,australian | australia,39,3.7549,0.004764833152286133,0.001217,4.563,0.4108241082410824,0.011368222881056477,0.0034748363290088963,0.10931174089068826,11,9,9,29,0.3103,0.3103,0.000573,0.0,6.4e-05
595,disorders,8.0,1,1,disorders,10,1.0615,0.004740144897611075,0.00161,3.627,0.3556975505857295,0.0028967927044316346,0.0011273442038574842,0.28888888888888886,9,0,2,8,0.0,0.25,0.0,0.0,0.0
103,greater,32.0,1,2,greater,29,2.6326,0.004719945416513301,0.006646,-1.048,0.3906432748538012,0.004395049644792368,0.0026331583000432715,0.09852216748768473,11,0,0,32,0.0,0.0,0.0,0.0,0.00015
120,access,30.0,1,2,access,26,2.1803,0.004715456642936018,0.000821,8.03,0.3971462544589774,0.021253763511107634,0.002098170085371635,0.052307692307692305,11,2,2,30,0.0667,0.0667,0.0,0.0,7.4e-05
85,german,37.0,1,0,german,16,1.6252,0.004681790841106394,0.001585,4.384,0.36363636363636365,0.002597950234238069,0.0018484474644066134,0.125,9,14,14,37,0.3784,0.3784,0.010887,0.0,0.001629
258,regulation,31.0,2,5,regulation | regulatory,19,1.6832,0.004675057680740468,0.008908,-1.94,0.37911464245175935,0.008343153320435828,0.0018875777681785161,0.12280701754385964,10,3,6,31,0.0968,0.1935,0.0,0.0,0.000512
105,psychology,32.0,1,1,psychology,30,3.6346,0.004618948011024428,0.007415,-1.385,0.387695879280325,0.009920209240416865,0.0034900665980905905,0.1471264367816092,11,5,16,32,0.1562,0.5,0.0,6e-05,0.000647
505,sustained,10.0,1,1,sustained,15,1.2644,0.004585282209194804,6.1e-05,70.066,0.3814962878355226,0.007553342818099206,0.0012842030867798832,0.13333333333333333,11,0,0,10,0.0,0.0,0.0,0.0,0.0
34,sport policy,64.0,2,5,sport policy | elite sport policy,31,3.2079,0.004524683765901481,0.011121,-2.684,0.39667458432304037,0.008440143427489276,0.0031300505641048645,0.14623655913978495,11,16,34,64,0.25,0.5312,0.017081,0.04516,0.018042
69,competitions,40.0,1,2,competitions,16,1.2139,0.0044842848037059315,0.004909,-0.248,0.3597199784598815,0.0013747783925425743,0.0014504246799489037,0.058333333333333334,9,3,5,40,0.075,0.125,0.0,0.0,0.003503
514,athlete health,16.0,2,1,athlete health | athlete mental health,24,2.2258,0.0044842848037059315,0.001857,2.604,0.39856801909307876,0.011562957441487285,0.0020823025518288273,0.10869565217391304,11,2,5,16,0.125,0.3125,0.0,0.0,5.4e-05
351,experts,13.0,1,8,experts,15,1.3174,0.004477551643340007,0.001117,6.32,0.3832472748135399,0.010665108831540506,0.0013377930564073839,0.0761904761904762,11,0,0,13,0.0,0.0,0.0,0.0,0.0
309,component,25.0,1,2,component,18,1.5074,0.00445286338866495,0.00059,6.008,0.3698781838316722,0.003389918880524819,0.0016381566898196476,0.06535947712418301,10,0,0,25,0.0,0.0,0.0,0.0,1.3e-05
106,united,32.0,1,0,united,22,2.3967,0.0043473772095987935,0.003826,0.361,0.38412880966072455,0.003121937498057984,0.0025353524488679687,0.1645021645021645,11,4,5,32,0.125,0.1562,0.0,0.0,0.000152
413,brazilian,14.0,2,7,brazilian | brazil,15,1.269,0.004311467020980528,0.000734,5.105,0.3776144714527982,0.0018472139745193904,0.0013620172452826415,0.12380952380952381,11,4,6,14,0.2857,0.4286,0.001948,0.0,0.0
263,trends,31.0,1,5,trends,24,2.0,0.004277801219150904,0.001418,3.374,0.3872463768115942,0.006290949076704388,0.002099965261674225,0.09420289855072464,11,2,3,31,0.0645,0.0968,0.0,0.0,0.000125
71,organizational,40.0,1,8,organizational,25,2.096,0.004259846124841771,0.018078,-3.817,0.39410029498525073,0.009244646931357098,0.002036613265357021,0.08666666666666667,11,5,8,40,0.125,0.2,0.0,0.0,0.000814
324,performance sport system,14.0,1,1,performance sport system,27,2.7861,0.00423066909658943,0.001406,3.36,0.408812729498164,0.007983817352848546,0.0025910434601157245,0.11965811965811966,11,1,1,14,0.0714,0.0714,0.0,0.0,0.0
149,principles,32.0,1,3,principles,21,1.6909,0.004205980841914372,0.002813,1.253,0.3908718548858982,0.009510191328300353,0.0018108567369338302,0.08095238095238096,11,0,1,32,0.0,0.0312,0.0,0.0,0.000323
199,landscape,20.0,1,5,landscape,21,1.9061,0.004197003294759806,0.008157,-1.835,0.39904420549581837,0.007279431671929863,0.0018810097138368923,0.10952380952380952,11,1,1,20,0.05,0.05,0.0,0.0,0.0
538,investments,9.0,1,3,investments,7,0.4099,0.004192514521182523,0.000126,10.656,0.35494155154091395,0.002048551640792321,0.0005671096181414138,0.047619047619047616,7,0,0,9,0.0,0.0,0.0,0.0,0.0
230,tool,36.0,1,4,tool,23,1.8933,0.004102739049636858,0.000854,5.931,0.36845008273579705,0.06249378179924884,0.0017176747597108686,0.19367588932806323,11,3,3,36,0.0833,0.0833,0.0,0.0,0.002218
141,mental health,28.0,1,1,mental health,45,5.5625,0.004071317634595876,0.003801,0.214,0.4151646985705407,0.018639031878682648,0.004921265903856853,0.1393939393939394,11,16,24,28,0.5714,0.8571,0.000473,0.003384,1.1e-05
471,dropout,10.0,1,3,dropout,23,2.4795,0.004069073247807234,7.2e-05,31.737,0.39503252513305737,0.009902677768957868,0.00231328586645215,0.16205533596837945,11,4,6,10,0.4,0.6,0.0,0.0,0.0
481,injury prevention,10.0,1,4,injury prevention,17,2.1741,0.004053362540286743,0.000452,5.596,0.3765501691093574,0.07296133851777145,0.0018223184831919657,0.3897058823529412,11,2,4,10,0.2,0.4,0.0,0.0,0.0
128,committee,33.0,1,0,committee,31,3.7339,0.003986030936627495,0.00923,-2.388,0.38657407407407407,0.005009270881138754,0.0034836744972384774,0.16989247311827957,11,3,7,33,0.0909,0.2121,0.0,0.0,0.001503
332,sectional,14.0,1,1,sectional,29,3.5479,0.003981542163050212,0.00038,13.287,0.40362537764350453,0.006960474040217597,0.0031773859883323435,0.24630541871921183,11,1,1,14,0.0714,0.0714,0.0,0.0,0.0
280,athlete performance,28.0,2,4,athlete performance | athletic performance,56,6.4198,0.003941143200854663,0.000853,5.086,0.4222503160556258,0.2181556563542551,0.005035821893790299,0.21558441558441557,12,3,7,28,0.1071,0.25,0.002003,0.0,8e-05
135,transition,38.0,1,6,transition,26,2.521,0.003842390182154432,0.002003,2.269,0.38236977676016026,0.0039507746691100215,0.0026021095643718652,0.11692307692307692,11,8,18,38,0.2105,0.4737,0.000696,0.001169,0.001109
86,inclusion,37.0,1,2,inclusion,20,1.8539,0.0038109687671134497,0.005792,-0.968,0.37235228539576365,0.0032497833564409193,0.002079952279210514,0.12631578947368421,10,7,12,37,0.1892,0.3243,0.002003,0.002735,0.000847
418,elite sport development,11.0,1,0,elite sport development,18,1.5606,0.0037952580595929583,0.000231,8.636,0.38523644752018454,0.0031407311311935937,0.0015688149179913593,0.22875816993464052,11,3,6,11,0.2727,0.5455,0.0,0.0,0.0
112,germany,31.0,1,0,germany,13,1.2677,0.0037885248992270337,0.001505,3.241,0.34665282823040994,0.0015355585225659593,0.0015830911182991127,0.07692307692307693,9,7,9,31,0.2258,0.2903,0.001995,0.002249,0.003658
591,deeper,8.0,1,1,deeper,11,0.8478,0.0037773029652838257,0.000285,17.637,0.3658269441401972,0.0025235179461973022,0.0009313512791811706,0.09090909090909091,11,0,0,8,0.0,0.0,0.0,0.0,0.0
96,funding,36.0,2,5,funding | financing,36,3.4937,0.0037301708427223516,0.003365,0.34,0.4151646985705407,0.009560899409451718,0.0031806560817346043,0.16984126984126985,11,4,4,36,0.1111,0.1111,5.1e-05,0.0,0.000207
628,protection,8.0,1,0,protection,3,0.1214,0.0037211932955677853,0.001188,3.904,0.32649071358748777,0.0008397414372331249,0.00033136498998430163,0,3,1,4,8,0.125,0.5,0.0,0.0,0.0
730,topic,12.0,1,3,topic,9,0.6643,0.0037077269748359357,0.0,0.0,0.3624525230602279,0.001636879703797359,0.000856167394585505,0.05555555555555555,8,0,0,12,0.0,0.0,0.0,0.0,0.0
52,differences,45.0,1,1,differences,21,1.7936,0.0036673280126403866,0.009008,-2.357,0.36885698509110987,0.003557935314692808,0.0018851477255432598,0.15714285714285714,11,2,3,45,0.0444,0.0667,0.0,0.0,0.002443
412,administrative,11.0,1,5,administrative,18,1.6372,0.0036628392390631037,0.001213,3.772,0.3859041016753322,0.0070688808083673865,0.0015531318325844856,0.30718954248366015,11,0,0,11,0.0,0.0,0.0,0.0,0.0
368,resilience,13.0,1,1,resilience,22,2.003,0.003649372918331254,0.001011,3.961,0.4060790273556231,0.01913483724265189,0.00185289087180675,0.16883116883116883,11,0,5,13,0.0,0.3846,0.0,0.0,0.0
210,de,19.0,1,2,de,11,1.0173,0.003591018861826572,0.001438,2.294,0.3581769436997319,0.0015033019477729377,0.0013580817193494718,0.10909090909090909,8,10,11,19,0.5263,0.5789,0.011621,0.004417,1.8e-05
70,multiple,40.0,1,1,multiple,19,1.4821,0.0035820413146720057,0.012575,-3.057,0.3767625493513818,0.003963944129619431,0.001584425037874432,0.04678362573099415,11,1,3,40,0.025,0.075,0.0,0.0,0.001521
113,measures,31.0,1,2,measures,25,2.218,0.0035820413146720057,0.012418,-3.177,0.3895043731778426,0.007811309526184701,0.002229700104069362,0.05333333333333334,11,2,4,31,0.0645,0.129,0.0,0.0,0.000271
515,behaviors,18.0,2,2,behaviors | behaviours,17,1.4863,0.003528176031744607,0.000473,5.313,0.3752808988764045,0.009162177215035424,0.0016005046678453894,0.09558823529411764,10,0,0,18,0.0,0.0,0.0,0.0,9e-06
145,systematic,27.0,1,3,systematic,25,2.1745,0.003483288295971775,0.002626,0.726,0.38657407407407407,0.005195552969249134,0.0022449895100528725,0.10666666666666667,11,9,9,27,0.3333,0.3333,0.000616,0.0,0.000165
458,actionable,10.0,1,4,actionable,22,2.2777,0.0034518668809307923,0.000802,5.693,0.38523644752018454,0.07438840871082526,0.0019401242890784223,0.2683982683982684,11,0,0,10,0.0,0.0,0.0,0.0,0.0
53,nations,45.0,1,0,nations,24,2.2418,0.003380046503694261,0.012766,-3.621,0.3767625493513818,0.003071579278398584,0.0024768601369968804,0.12681159420289856,10,7,9,45,0.1556,0.2,0.002003,0.000205,0.003599
522,creative,9.0,1,1,creative,7,0.4636,0.0033755577301169777,5.3e-05,53.59,0.3420378904249872,0.005198312730246135,0.0006255753129732707,0.14285714285714285,7,1,2,9,0.1111,0.2222,0.0,0.0,0.0
402,priority,22.0,1,5,priority,28,2.7048,0.0033665801829624114,0.000176,21.05,0.3992827256425583,0.007010858867479648,0.0025490246843981436,0.1349206349206349,11,0,0,22,0.0,0.0,0.0,0.0,5.6e-05
555,rating,15.0,1,1,rating,21,2.0054,0.003362091409385128,7.4e-05,16.161,0.3845710995970063,0.005252838119606329,0.002035618464523323,0.1380952380952381,11,1,1,15,0.0667,0.0667,0.0,0.0,0.0
408,sport governance,12.0,1,5,sport governance,22,2.2871,0.0033553582490192034,0.003162,0.151,0.3904149620105202,0.008329692450207917,0.002129151114713796,0.2554112554112554,11,0,6,12,0.0,0.5,0.0,0.0,0.0
188,league,25.0,1,2,league,21,1.9946,0.003276804711416747,0.001053,3.093,0.37549184935356944,0.005399656630610983,0.002128547944462608,0.12857142857142856,10,4,4,25,0.16,0.16,0.0,0.0,0.000231
144,perceptions,37.0,1,6,perceptions,19,1.5893,0.0032408945227984814,0.004927,-1.078,0.3793299261783078,0.0033675522653288923,0.0017096435289412012,0.07017543859649122,10,14,18,37,0.3784,0.4865,0.019509,0.003515,0.000313
477,gold,10.0,1,0,gold,12,1.1276,0.0032408945227984814,0.000111,30.159,0.36030204962243795,0.0018091231029181518,0.001203178808924521,0.2878787878787879,10,2,3,10,0.2,0.3,0.0,0.0,0.0
554,procedures,9.0,1,3,procedures,9,0.7228,0.0032229394284893484,0.0,0.0,0.3597199784598815,0.007689254682419652,0.0008011100842873133,0.19444444444444445,9,0,0,9,0.0,0.0,0.0,0.0,0.0
339,adaptive,13.0,1,4,adaptive,13,1.1939,0.003202739947391574,0.001049,2.998,0.38258877434135163,0.03739978289409958,0.0011466686748729579,0.14102564102564102,11,1,3,13,0.0769,0.2308,0.0,0.0,0.0
460,africa,10.0,1,0,africa,10,0.7063,0.003196006787025649,0.000392,6.261,0.3630434782608696,0.00287826895344917,0.0008339722476652742,0.3111111111111111,9,3,5,10,0.3,0.5,0.0,0.0,0.0
414,career development,11.0,1,6,career development,12,1.0255,0.0031825404662937993,4.3e-05,8.389,0.3604964921748516,0.0016312649730484041,0.0011492231935417614,0.13636363636363635,9,2,8,11,0.1818,0.7273,0.0,0.0,0.0
136,ability,36.0,1,1,ability,20,1.6347,0.0031092238311981736,0.001431,2.406,0.37633802816901407,0.009374272723213764,0.0016470365563686967,0.07894736842105263,11,1,3,36,0.0278,0.0833,0.0,0.0,0.000183
67,youth sport,52.0,1,3,youth sport,41,4.7278,0.003088276221170852,0.002108,0.963,0.41413515189088657,0.01454790493698796,0.004094331008702854,0.16341463414634147,11,16,33,52,0.3077,0.6346,0.00469,0.031194,0.003693
453,transformative,11.0,1,9,transformative,8,0.6063,0.0030344109382434534,0.000315,5.485,0.3525065963060686,0.008274610430346909,0.0007403026163377176,0.21428571428571427,8,3,3,11,0.2727,0.2727,0.0,0.0,0.0
485,junior,10.0,1,3,junior,14,1.0469,0.0030321665514548117,5.6e-05,39.533,0.36743674367436746,0.003466485864382725,0.0011105738629625574,0.34065934065934067,11,2,3,10,0.2,0.3,0.0,0.0,0.0
87,status,37.0,1,2,status,14,1.0781,0.0030029895232024707,0.015295,-3.81,0.3599137931034483,0.0015148594986710239,0.0012106285477366276,0.0989010989010989,9,3,5,37,0.0811,0.1351,0.0,0.0,0.001833
772,clusters,8.0,1,1,clusters,12,1.175,0.002985034428893338,0.0,0.0,0.3593329747175901,0.0037659335976734072,0.0012212532082119568,0.2878787878787879,11,0,0,8,0.0,0.0,0.0,0.0,0.0
134,socio,29.0,1,8,socio,21,2.0415,0.0029581017874296387,0.003161,-0.163,0.3867979154603358,0.0060208599828498605,0.001982015105709837,0.05714285714285714,11,4,7,29,0.1379,0.2414,0.0,0.0,1.1e-05
382,commitment,12.0,1,3,commitment,19,1.5717,0.0029311691459659394,0.000966,3.468,0.39224897240164414,0.010606198051318723,0.0015243101626070705,0.11695906432748537,11,1,1,12,0.0833,0.0833,0.0,0.0,0.0
546,mega,9.0,1,0,mega,8,0.5589,0.0029132140516568068,0.000691,3.89,0.348643006263048,0.0014478251759991083,0.0007311889263803769,0.25,8,1,2,9,0.1111,0.2222,0.0,0.0,0.0
137,communication,28.0,1,3,communication,16,1.2936,0.0028683263158839744,0.004563,-1.221,0.3721448467966574,0.007252056855874696,0.001332905376245611,0.11666666666666667,11,3,7,28,0.1071,0.25,0.0,0.0,0.000428
177,dimensions,26.0,1,7,dimensions,25,2.2753,0.002859348768729408,0.004486,-1.068,0.3904149620105202,0.009062702758959693,0.0023274604490270473,0.06666666666666667,11,0,0,26,0.0,0.0,0.0,0.0,0.000522
279,accuracy,18.0,2,4,accuracy | accurate,31,3.8657,0.002859348768729408,0.001777,1.299,0.37485970819304154,0.1470962987810487,0.0031121467670465236,0.2731182795698925,12,0,0,18,0.0,0.0,0.0,0.0,0.000475
436,psychosocial,11.0,1,1,psychosocial,17,1.5207,0.002850371221574842,0.00056,6.466,0.38927738927738925,0.005068632955394481,0.0014722125166602904,0.17647058823529413,11,4,4,11,0.3636,0.3636,0.000696,0.0,0.0
182,sector,28.0,1,5,sector,17,1.8216,0.0028458824479975584,0.002107,0.739,0.3650273224043716,0.0026568726042091656,0.0019159084349103363,0.13970588235294118,10,1,1,28,0.0357,0.0357,0.0,0.0,0.000177
252,hierarchical,17.0,1,1,hierarchical,19,1.6613,0.0028144610329565757,0.001884,0.908,0.38995913601868065,0.009447960895913009,0.0016404624587513488,0.09941520467836257,11,0,1,17,0.0,0.0588,0.0,0.0,0.0
476,fifa,10.0,1,0,fifa,12,1.3905,0.0028099722593792928,0.000398,8.107,0.3658269441401972,0.004277238228222784,0.0015256091370493617,0.10606060606060606,10,1,4,10,0.1,0.4,0.0,0.0,0.0
251,grassroots,17.0,1,5,grassroots,20,1.8087,0.0027942615518588014,0.00372,-0.649,0.39410029498525073,0.011763018491469504,0.0017645964610729565,0.12631578947368421,11,5,7,17,0.2941,0.4118,0.0,0.002262,0.0
452,thinking,11.0,1,3,thinking,11,0.9498,0.0027920171650701597,0.002292,0.487,0.3694690265486726,0.004967109943039962,0.001068822893575906,0.16363636363636364,10,1,2,11,0.0909,0.1818,0.0,0.0,0.0
156,questions,25.0,1,2,questions,14,1.1053,0.0027650845236064604,0.001412,1.93,0.36324089178901575,0.005925279388653883,0.0013384036546706215,0.054945054945054944,9,2,2,25,0.08,0.08,0.0,0.0,0.000274
231,advantage,26.0,1,0,advantage,17,1.539,0.0027426406557200444,0.000521,7.108,0.3709050527484731,0.00289066466523462,0.0016349671831072153,0.17647058823529413,10,5,10,26,0.1923,0.3846,0.0,0.00012,0.000196
586,confidence,8.0,1,1,confidence,11,0.8689,0.002684286599215363,0.000511,6.504,0.3700831024930748,0.003139232019842605,0.0009252441139351473,0.2909090909090909,11,0,0,8,0.0,0.0,0.0,0.0,0.0
427,integral,11.0,1,3,integral,7,0.4686,0.002670820278483513,6.5e-05,23.095,0.3397761953204476,0.0012641956152991518,0.0006592359076634625,0.14285714285714285,7,0,0,11,0.0,0.0,0.0,0.0,0.0
302,wider,15.0,1,3,wider,13,1.0065,0.00265286518417438,0.000507,7.219,0.3752808988764045,0.003563769809953348,0.0011244069474605606,0.07692307692307693,10,0,0,15,0.0,0.0,0.0,0.0,0.0
117,selection,31.0,1,3,selection,30,3.1175,0.0026461320238084555,0.007874,-2.589,0.3906432748538012,0.011417535627722014,0.002862937734703081,0.17701149425287357,11,2,4,31,0.0645,0.129,0.0,0.0,0.002392
101,learning,33.0,1,4,learning,38,3.9308,0.0026438876370198138,0.006458,-2.018,0.4026522001205545,0.15081287979145236,0.0031904682259386945,0.26458036984352773,12,3,10,33,0.0909,0.303,0.0,0.0,0.001577
441,scores,11.0,1,1,scores,15,1.5743,0.0026371544766538887,2.7e-05,28.297,0.3765501691093574,0.0036180516892075406,0.0015250307984071522,0.3238095238095238,11,0,0,11,0.0,0.0,0.0,0.0,0.0
261,settings,33.0,1,1,settings,24,2.0532,0.002634910089865247,0.004506,-1.216,0.3883720930232558,0.008426522053452496,0.001937767404358483,0.13768115942028986,11,0,0,33,0.0,0.0,0.0,0.0,0.000886
298,reform,27.0,1,5,reform,30,3.1242,0.002632665703076606,0.000509,5.658,0.387695879280325,0.007452042647696106,0.002861057919403752,0.19310344827586207,11,4,7,27,0.1481,0.2593,0.0,4e-06,0.000397
179,motivation,30.0,2,1,motivation | motivational,24,2.323,0.0025855335805151317,0.002428,0.148,0.39271017048794826,0.006689930157973111,0.0021815218839027965,0.07246376811594203,11,5,10,30,0.1667,0.3333,9e-06,6e-05,9e-06
564,smart,9.0,1,4,smart,29,4.1217,0.0025765560333605654,0.000284,10.036,0.38657407407407407,0.2157242965992223,0.0030060101516513303,0.5270935960591133,12,3,5,9,0.3333,0.5556,1.8e-05,0.0,0.0
94,changes,34.0,1,2,changes,15,1.1969,0.002572067259783282,0.009195,-2.862,0.36264929424538545,0.003182785985047404,0.0013452121955398176,0.08571428571428572,10,0,0,34,0.0,0.0,0.0,0.0,0.000301
175,awareness,22.0,1,3,awareness,26,2.4958,0.0025630897126287158,0.00493,-1.472,0.40706886045094454,0.013277534405360985,0.002447337339632396,0.05846153846153846,11,1,3,22,0.0455,0.1364,0.0,0.0,0.000455
205,variables,26.0,1,2,variables,26,2.4185,0.0025361570711650164,0.004801,-1.423,0.4,0.005440067396963751,0.0022929008805364385,0.15384615384615385,11,1,1,26,0.0385,0.0385,0.0,0.0,0.000134
646,vulnerable,8.0,1,6,vulnerable,2,0.0745,0.0025137132032786004,0.000142,5.8,0.3164377072477499,0.0008071842231870346,0.00028855912778453607,0,2,0,0,8,0.0,0.0,0.0,0.0,0.0
267,contextual,16.0,1,7,contextual,14,1.131,0.002509224429701317,0.001384,1.387,0.37339295695919505,0.004755361157919241,0.00120390774876913,0.06593406593406594,10,1,4,16,0.0625,0.25,0.0,0.0,1e-06
472,emergence,10.0,1,0,emergence,13,1.3026,0.002486780561814901,0.001162,1.784,0.35607675906183367,0.0017204923053023733,0.001394951322351668,0.15384615384615385,10,0,0,10,0.0,0.0,0.0,0.0,0.0
143,actors,30.0,1,5,actors,22,1.9666,0.002477803014660335,0.004893,-1.492,0.3692647871752349,0.0029027085478475117,0.0021209362062891285,0.09090909090909091,10,1,1,30,0.0333,0.0333,0.0,0.0,0.000274
228,regression,19.0,1,1,regression,17,1.7509,0.002477803014660335,0.00427,-1.113,0.38927738927738925,0.008752322450449275,0.0017676409735265326,0.09558823529411764,11,1,1,19,0.0526,0.0526,0.0,0.0,0.000154
391,fragmented,12.0,1,5,fragmented,22,2.082,0.002466581080717127,0.00201,0.569,0.39856801909307876,0.014940434406014558,0.001900097951996154,0.30735930735930733,11,0,0,12,0.0,0.0,0.0,0.0,0.0
393,interdisciplinary,12.0,1,4,interdisciplinary,16,1.3821,0.002464336693928485,0.002805,-0.284,0.3776144714527982,0.030610479745480264,0.0013468292665793499,0.23333333333333334,11,1,3,12,0.0833,0.25,0.0,0.0,0.0
201,making,20.0,1,4,making,34,3.5319,0.0024598479203512017,0.000853,2.719,0.39904420549581837,0.13590687075486413,0.0028475989008033727,0.29590017825311943,12,2,7,20,0.1,0.35,0.0,0.0,0.000551
333,team sports,14.0,1,2,team sports,7,0.4685,0.002441892826042069,0.000528,3.998,0.33908629441624366,0.0011198356583533187,0.0006593953900091241,0.047619047619047616,7,4,5,14,0.2857,0.3571,0.0,4e-06,0.0
361,ministry,13.0,1,5,ministry,13,1.1353,0.0024329152788875024,0.000401,5.543,0.371523915461624,0.003815409425482204,0.0012490001042118996,0.15384615384615385,9,1,1,13,0.0769,0.0769,0.0,0.0,0.0
364,professionalization,13.0,1,3,professionalization,9,0.6867,0.00241496018457837,0.001001,2.459,0.3526927138331573,0.0012494175919195106,0.0008155832245596438,0.2222222222222222,9,2,4,13,0.1538,0.3077,0.003998,0.0,0.0
421,fans,18.0,1,4,fans,19,2.1674,0.0024104714110010864,0.001774,0.833,0.37131739855475265,0.0735287277000114,0.0019970330705630437,0.2982456140350877,11,1,2,18,0.0556,0.1111,0.0,0.0,0.000864
171,preparation,23.0,1,0,preparation,22,2.0094,0.002392516316691954,0.003129,-0.597,0.39178885630498533,0.0035785384314292925,0.002078235040856217,0.12554112554112554,11,6,7,23,0.2609,0.3043,0.0,0.0,9e-06
480,inherent,10.0,1,6,inherent,8,0.6127,0.002392516316691954,0.005381,-1.801,0.343798250128667,0.002179105924323851,0.0007810654967947894,0.10714285714285714,7,0,0,10,0.0,0.0,0.0,0.0,0.0
176,collaboration,30.0,2,4,collaboration | collaborative,36,3.6436,0.002390271929903312,0.00227,0.127,0.4073170731707317,0.055409030036789125,0.0033594969504011844,0.10952380952380952,11,2,3,30,0.0667,0.1,0.0,0.0,0.00039
310,dominant,14.0,1,0,dominant,8,0.6772,0.0023700724488055374,0.000119,14.97,0.34973821989528797,0.002045066243163178,0.0008882514682235008,0.14285714285714285,7,1,1,14,0.0714,0.0714,0.0,0.0,0.0
331,secondary,14.0,1,7,secondary,17,1.4826,0.002316207165878139,0.000383,6.94,0.3874709976798144,0.0039207818306028425,0.0014394147659940709,0.14705882352941177,11,2,2,14,0.1429,0.1429,0.0,0.0,0.0
630,reading,8.0,1,7,reading,12,1.0485,0.002298252071569006,2.4e-05,25.633,0.3650273224043716,0.002643517601608475,0.001141490279365631,0.19696969696969696,10,0,0,8,0.0,0.0,0.0,0.0,0.0
76,skills,39.0,1,1,skills,26,2.5625,0.002280296977259873,0.004142,-1.338,0.3936358279316441,0.012694597016590628,0.0024092010590108506,0.13230769230769232,11,2,4,39,0.0513,0.1026,0.0,0.0,0.000894
202,prevention,20.0,1,4,prevention,24,2.8112,0.0022713194301053068,0.002504,-0.237,0.3836875358989087,0.06138119894329099,0.002456091219569813,0.18478260869565216,11,2,7,20,0.1,0.35,0.0,0.0,4.2e-05
401,prevalence,12.0,1,1,prevalence,14,1.5598,0.0022623418829507405,0.000986,2.266,0.3640326975476839,0.004251824611546829,0.0015016095169166541,0.37362637362637363,11,2,5,12,0.1667,0.4167,0.0,0.0,0.0
365,programming,13.0,1,6,programming,16,1.584,0.002253364335796174,0.000296,7.187,0.3744394618834081,0.004166994981719932,0.0017019737724772138,0.125,11,1,1,13,0.0769,0.0769,0.0,0.0,0.0
588,continuity,8.0,1,5,continuity,8,0.589,0.002248875562218891,0.000209,4.994,0.35894680279419666,0.001309195648672353,0.0007383153090389737,0.07142857142857142,8,0,0,8,0.0,0.0,0.0,0.0,0.0
235,evolution,18.0,1,5,evolution,25,2.3547,0.0022398980150643245,5.8e-05,28.127,0.3859041016753322,0.007750446822324644,0.002333030489911957,0.13333333333333333,11,2,2,18,0.1111,0.1111,0.0,0.0,0.0
617,leisure,8.0,1,3,leisure,4,0.2325,0.0022309204679097578,0.000267,9.497,0.3295510606808091,0.0005332368236631446,0.0004151020453171273,0.16666666666666666,4,2,3,8,0.25,0.375,0.0,0.0,0.0
93,careers,34.0,1,6,careers,21,2.0455,0.0022219429207551915,0.004961,-1.775,0.36363636363636365,0.003630365839770984,0.0022760984197001404,0.09047619047619047,10,3,6,34,0.0882,0.1765,0.0,0.0,0.001189
403,professionals,12.0,1,1,professionals,11,0.856,0.002195010279291492,0.003278,-0.851,0.36885698509110987,0.003040845799938719,0.0009341909832169485,0.12727272727272726,10,1,1,12,0.0833,0.0833,0.0,0.0,0.0
647,youth sport system,13.0,1,3,youth sport system,17,1.7915,0.002195010279291492,0.000136,12.344,0.3767625493513818,0.004858982544966781,0.0016876909329075185,0.22058823529411764,11,2,2,13,0.1538,0.1538,0.0,0.0,0.0
719,school sport,12.0,1,2,school sport,7,0.6591,0.002186032732136926,0.0,0.0,0.35157894736842105,0.0019542747156540124,0.0008015449896650829,0.23809523809523808,7,4,5,12,0.3333,0.4167,0.001999,0.0,0.0
153,involvement,25.0,1,3,involvement,14,1.2052,0.0021815439585596424,0.0014,1.111,0.3658269441401972,0.0019337083479099382,0.0013766279338558718,0.02197802197802198,9,5,6,25,0.2,0.24,0.0,0.0,2.2e-05
375,analytical,12.0,1,2,analytical,10,0.8288,0.002172566411405076,0.000696,3.13,0.3658269441401972,0.003712778824501166,0.0009634057069082781,0.1111111111111111,9,0,0,12,0.0,0.0,0.0,0.0,0.0
557,reasons,9.0,1,1,reasons,3,0.1502,0.00215012254351866,0.001021,1.847,0.3145009416195857,0.00015214733692704105,0.0003725484081792384,0,3,0,0,9,0.0,0.0,0.0,0.0,0.0
525,devices,9.0,1,4,devices,19,2.7472,0.0021276786756322438,0.000124,13.163,0.36264929424538545,0.16023551006104914,0.0020495543462754322,0.5906432748538012,12,1,1,9,0.1111,0.1111,0.0,0.0,0.0
432,physiological,11.0,1,4,physiological,24,3.2425,0.002114212354900394,0.00042,3.424,0.3804100227790433,0.14318596989738244,0.002634635202216737,0.35144927536231885,12,0,0,11,0.0,0.0,0.0,0.0,0.0
362,national elite,13.0,2,0,national elite | national elite sport,10,0.8265,0.002100746034168545,0.000656,3.472,0.3525065963060686,0.0018898401278824827,0.0010253467323980295,0.15555555555555556,8,1,1,13,0.0769,0.0769,0.0,0.0,0.0
256,profile,21.0,1,5,profile,27,2.6356,0.0020962572605912615,0.002948,-0.734,0.4012012012012012,0.009555335757020125,0.00245313365688938,0.21082621082621084,11,5,7,21,0.2381,0.3333,0.001312,0.0,0.0
146,university,38.0,1,7,university,25,2.5586,0.0020783021662821284,0.001404,0.837,0.3895043731778426,0.005942305930083035,0.0024632191483165305,0.12,11,9,14,38,0.2368,0.3684,0.012065,0.002244,0.001536
625,parental,8.0,1,1,parental,15,1.4945,0.002069324619127562,2.1e-05,42.655,0.3804100227790433,0.005885605299252036,0.001405896668975099,0.24761904761904763,11,3,7,8,0.375,0.875,0.0,0.0,0.0
459,adolescent,14.0,2,3,adolescent | adolescence,21,1.9634,0.0020670802323389205,6.7e-05,19.955,0.385014409221902,0.005780526016371502,0.001894270223468201,0.19047619047619047,11,7,8,14,0.5,0.5714,0.0,0.0,0.0
348,equipment,13.0,1,4,equipment,14,1.3369,0.0020625914587616375,0.002309,-0.263,0.3752808988764045,0.021706271684840867,0.001320975001721236,0.18681318681318682,11,0,0,13,0.0,0.0,0.0,0.0,0.0
859,struggle,10.0,1,6,struggle,4,0.2381,0.0020558582983957125,0.0,0.0,0.3411644535240041,0.0005742430866942158,0.0004270431154636293,0.16666666666666666,4,0,0,10,0.0,0.0,0.0,0.0,0.0
594,discussions,8.0,1,3,discussions,5,0.3114,0.002051369524818429,0.000288,7.133,0.33771486349848334,0.000916250911939308,0.0004956535972290522,0,5,0,0,8,0.0,0.0,0.0,0.0,0.0
187,facilities,27.0,1,0,facilities,26,2.4699,0.002049125138029788,0.001014,1.887,0.3969102792632204,0.0052471409789751015,0.0023901842912972845,0.10461538461538461,11,1,2,27,0.037,0.0741,0.0,0.0,9e-06
344,concerns,13.0,1,1,concerns,7,0.5187,0.0020334144305092965,0.000196,8.452,0.34737389495579823,0.0012989591076290222,0.0006766605898372035,0.14285714285714285,7,0,0,13,0.0,0.0,0.0,0.0,0.0
399,orientation,12.0,1,6,orientation,8,0.5627,0.002019948109777447,0.001642,0.436,0.35306553911205074,0.00201770273205056,0.000737349604969566,0.14285714285714285,8,0,1,12,0.0,0.0833,0.0,0.0,0.0
610,ideas,8.0,1,1,ideas,3,0.1424,0.002019948109777447,0.001035,1.434,0.2963620230700976,0.0002025078568250086,0.0003733137409264206,0,3,0,0,8,0.0,0.0,0.0,0.0,0.0
123,high performance,30.0,1,1,high performance,19,1.8423,0.001997504241891031,0.002624,-0.583,0.37911464245175935,0.005597774315961153,0.0018239002718104553,0.2046783625730994,11,10,18,30,0.3333,0.6,0.000442,0.000637,0.000183
516,bias,9.0,1,4,bias,15,1.5656,0.001997504241891031,0.001366,0.885,0.37235228539576365,0.07223281547775741,0.0013116834193161746,0.3619047619047619,11,0,1,9,0.0,0.1111,0.0,0.0,0.0
91,canada,47.0,2,0,canada | canadian,14,1.1666,0.0019930154683137475,0.003373,-1.155,0.3555082490686535,0.0014802774236376025,0.0013888869993428817,0.054945054945054944,9,25,27,47,0.5319,0.5745,0.051145,0.01556,0.003028
193,technologies,27.0,2,4,technologies | technological,42,5.004,0.001988526694736464,0.000728,1.916,0.3934040047114252,0.19852546739798504,0.003872285129025172,0.2706155632984901,12,1,4,27,0.037,0.1481,0.0,0.0,0.000948
191,sources,21.0,1,8,sources,19,1.7851,0.001984037921159181,0.012119,-3.44,0.37740112994350283,0.0034712064646680307,0.001848225052645675,0.14035087719298245,10,1,1,21,0.0476,0.0476,0.0,0.0,2.8e-05
598,equal,8.0,1,2,equal,6,0.4626,0.001984037921159181,1.9e-05,58.965,0.337544214249621,0.0006185104053492464,0.0006500623492060435,0.26666666666666666,6,1,2,8,0.125,0.25,0.0,0.0,0.0
530,fields,9.0,1,2,fields,8,0.631,0.0019705716004273315,0.000196,11.646,0.35607675906183367,0.0024983475702528724,0.0007890969134315298,0.07142857142857142,8,1,1,9,0.1111,0.1111,0.0,0.0,0.0
43,broader,48.0,1,6,broader,11,0.8429,0.001966082826850048,0.013393,-3.686,0.34593474883480063,0.0028847628822210665,0.0010323789909312097,0.10909090909090909,8,0,0,48,0.0,0.0,0.0,0.0,0.002867
323,patterns,14.0,1,3,patterns,16,1.5058,0.0019638384400614065,0.001396,0.762,0.3799772468714448,0.003375558927726925,0.0014993898084335183,0.18333333333333332,11,2,2,14,0.1429,0.1429,0.0,0.0,0.0
140,medals,43.0,1,0,medals,26,2.9114,0.001957105279695482,0.003379,-1.312,0.3812785388127854,0.0054838914219214165,0.002883733609614417,0.16923076923076924,11,6,8,43,0.1395,0.186,0.000268,0.0,0.003659
372,variety,13.0,1,6,variety,8,0.6356,0.001957105279695482,0.000391,3.734,0.3526927138331573,0.002867799278661384,0.0008132612244727189,0.10714285714285714,8,0,0,13,0.0,0.0,0.0,0.0,0.0
260,russia,22.0,2,0,russia | russian,35,3.7478,0.0019526165061181985,0.001089,1.013,0.39809296781883197,0.005758524816596438,0.003581798172732887,0.15294117647058825,11,4,7,22,0.1818,0.3182,0.0,0.0,5.1e-05
215,documents,19.0,1,0,documents,17,1.4707,0.001939150185386349,0.00356,-1.077,0.3752808988764045,0.0021400414739022513,0.0016029137769208051,0.15441176470588236,10,1,1,19,0.0526,0.0526,0.0,0.0,0.0
353,global sports,13.0,1,0,global sports,12,1.2086,0.0019324170250204242,0.001441,0.512,0.37360178970917224,0.009460408198760286,0.0012860635449547418,0.2878787878787879,10,1,1,13,0.0769,0.0769,0.0,0.0,0.0
192,standards,21.0,1,7,standards,23,2.2046,0.0019144619307112911,0.00209,-0.154,0.39643916913946586,0.0061420343549346695,0.0021737852255133533,0.15810276679841898,11,3,4,21,0.1429,0.1905,0.0,0.0,2e-06
124,multi,30.0,1,5,multi,20,1.7118,0.0019122175439226497,0.002057,-0.128,0.3819325328759291,0.01523977042214527,0.0017252958382412457,0.06842105263157895,10,7,9,30,0.2333,0.3,4e-06,0.000192,0.000114
576,athlete relationship,8.0,1,1,athlete relationship,8,0.5821,0.0019054843835567248,0.000572,1.85,0.3576017130620985,0.0020616663077684893,0.0006986883928234541,0.4642857142857143,8,1,5,8,0.125,0.625,0.0,0.0,0.0
295,performances,15.0,1,0,performances,8,0.5346,0.0019032399967680831,0.002314,-0.379,0.3488250652741514,0.0014877148988283809,0.000675263314955069,0.25,8,0,1,15,0.0,0.0667,0.0,0.0,0.0
345,democratic,13.0,1,0,democratic,19,2.0899,0.0018807961288816672,0.002041,-0.17,0.367032967032967,0.0021900965669598535,0.002237676780266229,0.21637426900584794,10,0,0,13,0.0,0.0,0.0,0.0,2e-06
161,decisions,24.0,1,4,decisions,17,1.6001,0.0018538634874179678,0.000987,1.347,0.374649467190129,0.04741751412892734,0.0014086887281626807,0.21323529411764705,11,0,0,24,0.0,0.0,0.0,0.0,3.3e-05
216,doping,19.0,1,2,doping,15,1.5983,0.0018493747138406847,0.002618,-0.65,0.36030204962243795,0.0038326779962988937,0.0019592814356581417,0.0761904761904762,9,8,10,19,0.4211,0.5263,0.000433,8.7e-05,6.8e-05
558,reference,9.0,1,0,reference,6,0.4683,0.0018448859402634013,0.000425,2.975,0.3373737373737374,0.0006549546598713787,0.0006506545858706346,0.3333333333333333,6,2,2,9,0.2222,0.2222,0.0,0.0,0.0
314,governmental,14.0,1,5,governmental,20,1.8628,0.0018403971666861182,0.000497,3.734,0.3839080459770115,0.005804978545077281,0.0018084349096970634,0.26842105263157895,11,3,4,14,0.2143,0.2857,0.0,0.0,0.0
760,benchmark,10.0,2,2,benchmark | benchmarking,8,0.6239,0.0018403971666861182,0.0,0.0,0.34665282823040994,0.004492289535782984,0.0007778718519025239,0.21428571428571427,8,1,4,10,0.1,0.4,0.0,0.00452,0.0
238,infrastructure,18.0,1,5,infrastructure,21,1.9616,0.001835908393108835,0.002297,-0.482,0.3895043731778426,0.005963929728142635,0.0019137036827486962,0.10476190476190476,11,0,0,18,0.0,0.0,0.0,0.0,3.2e-05
325,planning,14.0,1,1,planning,13,1.0906,0.001835908393108835,0.001078,1.126,0.3752808988764045,0.007872588175165476,0.0011407854401496282,0.14102564102564102,10,1,1,14,0.0714,0.0714,0.0,0.0,1e-06
496,provision,10.0,1,1,provision,9,0.9459,0.0018224420723769853,0.000211,3.879,0.35607675906183367,0.002818529088551505,0.0010320745127166849,0.2777777777777778,8,0,1,10,0.0,0.1,0.0,0.0,0.0
800,flexibility,11.0,2,5,flexibility | flexible,12,0.9869,0.0018044869780678525,0.0,0.0,0.3721448467966574,0.0053584019920706605,0.0010754692439356923,0.030303030303030304,10,0,0,11,0.0,0.0,0.0,0.0,0.0
155,promotion,25.0,1,0,promotion,13,1.0655,0.0017999982044905691,0.001205,0.746,0.3638344226579521,0.0016635505643372774,0.001198415668976706,0.08974358974358974,9,5,6,25,0.2,0.24,0.001602,0.0,1.7e-05
63,practitioners,45.0,1,1,practitioners,18,1.7342,0.001795509430913286,0.009568,-3.33,0.371523915461624,0.008564809768722753,0.00170566695298424,0.13071895424836602,11,1,3,45,0.0222,0.0667,0.0,0.0,0.002171
244,capabilities,17.0,1,0,capabilities,10,0.8984,0.001795509430913286,0.002196,-0.354,0.3581769436997319,0.011461603578217945,0.001039403943855682,0.15555555555555556,8,4,5,17,0.2353,0.2941,0.0,0.0,9e-06
118,states,31.0,1,0,states,27,2.7811,0.0017820431101814363,0.00508,-2.106,0.38995913601868065,0.0038679458110188938,0.002682931450928086,0.1282051282051282,11,1,1,31,0.0323,0.0323,0.0,0.0,0.000141
315,guidance,14.0,1,3,guidance,13,1.1244,0.0017797987233927949,0.000516,3.103,0.3761261261261261,0.0064201378968540695,0.001205156566115758,0.038461538461538464,10,0,0,14,0.0,0.0,0.0,0.0,0.0
350,exclusion,13.0,1,2,exclusion,17,1.5378,0.0017775543366041532,0.002369,-0.579,0.3872463768115942,0.0035626999867798387,0.0015294447444430485,0.17647058823529413,11,1,3,13,0.0769,0.2308,0.0,0.0,0.0
376,analytics,12.0,1,4,analytics,31,3.7198,0.0017640880158723035,0.000549,2.774,0.3870220162224797,0.1516771749414955,0.0028885279480558,0.32903225806451614,12,5,8,12,0.4167,0.6667,0.0,0.0,0.0
547,meso,9.0,1,8,meso,13,2.0643,0.0017551104687177372,0.000192,8.914,0.3658269441401972,0.006293730172896592,0.0018555373810526798,0.2564102564102564,10,3,3,9,0.3333,0.3333,0.0,0.0,0.0
624,paradigm,8.0,1,4,paradigm,5,0.3107,0.0017551104687177372,8.6e-05,4.28,0.34344473007712084,0.0043987964084494895,0.00048554301313632315,0.1,5,1,1,8,0.125,0.125,0.0,0.0,0.0
299,social support,15.0,1,1,social support,19,2.2351,0.0017506216951404538,0.001187,0.775,0.374020156774916,0.006398505992305409,0.0020436275946286472,0.2807017543859649,11,2,4,15,0.1333,0.2667,0.0,0.0,0.0
169,elements,28.0,1,8,elements,16,1.3953,0.0017461329215631707,0.003853,-1.462,0.37339295695919505,0.007418094879645121,0.0014817204874689812,0.1,10,0,0,28,0.0,0.0,0.0,0.0,0.000117
111,engagement,31.0,1,4,engagement,30,2.8346,0.001721444666888113,0.004904,-1.909,0.39738251041046996,0.049370657588993165,0.002481420195151281,0.135632183908046,11,3,6,31,0.0968,0.1935,0.0,0.0,0.000241
190,previous,21.0,1,0,previous,11,0.9232,0.0017147115065221882,0.004089,-1.686,0.35418875927889715,0.001460627238689632,0.0011189511962479502,0.09090909090909091,9,0,0,21,0.0,0.0,0.0,0.0,5.4e-05
483,instruments,10.0,1,5,instruments,7,0.5734,0.0016990007990016968,0.001608,0.111,0.35232067510548526,0.002232809217250017,0.0007266128597545646,0.14285714285714285,7,1,1,10,0.1,0.1,0.0,0.0,0.0
1022,target,9.0,1,0,target,5,0.4045,0.0016832900914812057,0.0,0.0,0.33433433433433435,0.0005901510040792233,0.0005972872078756241,0.3,5,0,0,9,0.0,0.0,0.0,0.0,0.0
194,appropriate,20.0,1,3,appropriate,16,1.4192,0.001681045704692564,0.005868,-2.351,0.3680440771349862,0.0031913136408116094,0.0015381106701118509,0.13333333333333333,11,0,0,20,0.0,0.0,0.0,0.0,0.000709
579,causal,8.0,1,4,causal,4,0.2259,0.001669823770749356,0.0,0.0,0.3333333333333333,0.0020681032303140577,0.0004157560499245858,0,4,0,0,8,0.0,0.0,0.0,0.0,0.0
184,amateur,21.0,1,7,amateur,16,1.4188,0.0016563574500175063,0.004133,-1.672,0.3819325328759291,0.008122840247609387,0.0014685421494642842,0.08333333333333333,11,3,5,21,0.1429,0.2381,0.0,0.0,0.000767
285,domain,25.0,1,4,domain,20,1.8478,0.0016518686764402232,0.000488,3.265,0.38523644752018454,0.03703966244562093,0.001717126916181589,0.16842105263157894,11,1,1,25,0.04,0.04,0.0,0.0,0.0017
152,expectations,25.0,1,3,expectations,22,2.03,0.00164737990286294,0.003298,-1.494,0.3938679245283019,0.006090709163928548,0.0020118770106167835,0.1038961038961039,11,0,1,25,0.0,0.04,0.0,0.0,2.7e-05
183,sport participation,29.0,1,3,sport participation,22,2.2791,0.0016384023557083735,0.001421,0.259,0.38171428571428573,0.005884615086499414,0.0022045964943157963,0.17316017316017315,11,0,4,29,0.0,0.1379,0.0,0.0,1.5e-05
198,initiatives,20.0,1,5,initiatives,19,1.7864,0.0016384023557083735,0.000877,1.086,0.38171428571428573,0.00855426210491779,0.001798252881043495,0.12280701754385964,11,0,0,20,0.0,0.0,0.0,0.0,0.0
544,linear,9.0,1,1,linear,6,0.5345,0.0016249360349765238,0.000557,1.966,0.337203432609793,0.0012289692566813286,0.0006971025177314429,0.13333333333333333,6,0,0,9,0.0,0.0,0.0,0.0,0.0
482,innovation,20.0,2,4,innovation | innovative,27,2.7356,0.0016114697142446742,0.000856,1.307,0.38927738927738925,0.10542722361235765,0.0022809137651135874,0.3247863247863248,12,2,4,20,0.1,0.2,0.0,0.0,2e-06
77,academic,42.0,1,7,academic,19,1.7654,0.0016024921670901079,0.002827,-1.148,0.3686534216335541,0.005961878812453525,0.0017687868293215553,0.14035087719298245,11,7,8,42,0.1667,0.1905,0.000473,0.001682,0.000912
254,methodological,17.0,1,2,methodological,15,1.381,0.0015890258463582582,0.005544,-2.153,0.3804100227790433,0.006638045657414438,0.0014223900893321794,0.14285714285714285,11,1,2,17,0.0588,0.1176,0.0,0.0,5.9e-05
474,equality,10.0,1,2,equality,12,1.3345,0.0015890258463582582,0.001243,0.429,0.3593329747175901,0.00188634716443916,0.001396082375829941,0.3484848484848485,10,0,4,10,0.0,0.4,0.0,0.0,0.0
349,equity,13.0,1,2,equity,18,1.8297,0.00157780391241505,0.001825,-0.272,0.3808437856328392,0.003618496759600548,0.0018488963484812164,0.24836601307189543,11,2,6,13,0.1538,0.4615,0.0,0.0,0.0
640,structural equation,8.0,2,1,structural equation | structural equation modeling,13,1.3586,0.0015755595256264085,0.002131,-0.501,0.37235228539576365,0.004274851163044417,0.0013241177128215439,0.2948717948717949,11,2,2,8,0.25,0.25,0.0,0.0,0.0
160,crucial,24.0,1,3,crucial,18,1.5794,0.0015710707520491254,0.003154,-1.5,0.39880597014925373,0.017991133948084003,0.0015505725960705105,0.12418300653594772,11,0,0,24,0.0,0.0,0.0,0.0,0.0
165,risks,24.0,1,1,risks,18,1.5946,0.001566581978471842,0.002223,-0.726,0.38171428571428573,0.01022990536987201,0.0016727550407887673,0.08496732026143791,11,3,3,24,0.125,0.125,0.0,0.0,1.4e-05
181,regional,22.0,1,3,regional,17,1.5129,0.001566581978471842,0.003847,-1.611,0.3804100227790433,0.004763978015944521,0.001572838865097827,0.0661764705882353,11,4,4,22,0.1818,0.1818,0.0,0.0,0.000921
180,olympic committee,22.0,1,0,olympic committee,25,3.2395,0.0015643375916832005,0.002363,-0.754,0.37697516930022573,0.004717427125546707,0.003099839589135434,0.2,11,1,4,22,0.0455,0.1818,0.0,0.0,1.8e-05
203,solutions,20.0,1,4,solutions,10,0.8572,0.0015486268841627092,0.005224,-2.053,0.3604964921748516,0.022405468501738413,0.0009045726079374412,0.17777777777777778,9,0,0,20,0.0,0.0,0.0,0.0,0.0
490,pillars,10.0,1,0,pillars,10,0.9638,0.0015486268841627092,0.004659,-2.153,0.3556975505857295,0.00159898430896672,0.0011251114438877404,0.35555555555555557,9,0,0,10,0.0,0.0,0.0,0.0,0.0
384,constraints,12.0,1,7,constraints,11,0.9984,0.0015463824973740675,0.000432,2.346,0.36784140969163,0.0023773839360908184,0.0010423359127185007,0.3090909090909091,11,0,1,12,0.0,0.0833,0.0,0.0,0.0
246,covid,17.0,1,9,covid,16,1.9902,0.001544138110585426,0.008004,-2.842,0.3799772468714448,0.010247921672035375,0.0019465510946729545,0.14166666666666666,10,14,15,17,0.8235,0.8824,0.013645,0.006653,0.0
619,meta,8.0,1,0,meta,6,0.4252,0.0015351605634308595,0.000128,7.955,0.3411644535240041,0.0006252017701536984,0.0006005592718400781,0.2,6,6,6,8,0.75,0.75,0.0,0.0,0.0
475,examination,10.0,1,6,examination,4,0.2659,0.0015306717898535764,0.001199,0.416,0.3300395256916996,0.0005232087143744289,0.00047170834061175597,0.16666666666666666,4,3,3,10,0.3,0.3,0.0,0.0,0.0
114,networks,31.0,1,5,networks,14,1.1491,0.0015284274030649347,0.005472,-2.28,0.36602739726027395,0.0034730335785740246,0.0013056906948028827,0.07692307692307693,11,8,12,31,0.2581,0.3871,0.00423,0.005435,0.000392
223,lens,19.0,1,6,lens,12,1.0539,0.0015261830162762932,0.000948,1.216,0.367032967032967,0.0043495134365614556,0.0012093395636244256,0.12121212121212122,10,2,2,19,0.1053,0.1053,0.0,0.0,0.0
528,equitable,9.0,1,2,equitable,12,1.2627,0.0015216942426990098,0.000556,2.352,0.36885698509110987,0.0030114516583852028,0.001329097092816577,0.30303030303030304,10,0,0,9,0.0,0.0,0.0,0.0,0.0
499,respective,10.0,1,9,respective,7,0.736,0.0015172054691217267,0.000228,3.016,0.3432682425488181,0.0011020847336418876,0.0009259829050160717,0.14285714285714285,7,0,0,10,0.0,0.0,0.0,0.0,0.0
147,benefits,26.0,1,1,benefits,18,1.67,0.0014857840540807442,0.003423,-1.504,0.37276785714285715,0.00508258080456919,0.0017381377011663718,0.0457516339869281,11,1,2,26,0.0385,0.0769,0.0,0.0,0.000156
342,ai,13.0,1,4,ai,33,5.0413,0.0014700733465602528,0.000384,4.06,0.3952662721893491,0.25021819493633035,0.0037444669291959226,0.3939393939393939,12,4,5,13,0.3077,0.3846,0.0,0.0,0.0
282,consistent,15.0,1,5,consistent,10,0.8236,0.0014655845729829697,0.000225,2.817,0.3694690265486726,0.0029065565911673783,0.0009474321495247114,0.08888888888888889,9,0,0,15,0.0,0.0,0.0,0.0,0.0
621,mobility,8.0,1,4,mobility,4,0.3507,0.0014543626390397617,6.5e-05,14.038,0.3373737373737374,0.008903142492608618,0.0004934456633326357,0,4,0,0,8,0.0,0.0,0.0,0.0,0.0
671,entrepreneurial,9.0,2,5,entrepreneurial | entrepreneurship,4,0.2454,0.0014543626390397617,0.0,0.0,0.3409903011740684,0.002916183087673384,0.0004273170170345902,0,4,6,6,9,0.6667,0.6667,0.004002,0.0,0.0
218,era,19.0,1,5,era,18,1.6572,0.0014274299975760624,0.000577,1.949,0.37976122797043776,0.009997107825395805,0.001605016101141449,0.2222222222222222,11,4,4,19,0.2105,0.2105,0.0,0.0,1.1e-05
529,families,9.0,1,3,families,9,0.7394,0.0014274299975760624,0.000185,7.99,0.3553191489361702,0.0014456754300398544,0.000855552318685318,0.16666666666666666,9,0,0,9,0.0,0.0,0.0,0.0,0.0
590,cycling,8.0,1,6,cycling,5,0.4797,0.0014274299975760624,0.000123,8.087,0.318854415274463,0.00042813727433254684,0.0007346844609617451,0.2,5,2,2,8,0.25,0.25,0.0,0.0,0.0
162,mass,24.0,1,5,mass,20,2.0843,0.0014139636768442127,0.007775,-3.134,0.38215102974828374,0.005970847214785072,0.00208970172477961,0.15263157894736842,11,3,4,24,0.125,0.1667,0.0,0.0,0.000239
174,stress,23.0,1,1,stress,23,2.3926,0.0014139636768442127,0.009278,-3.611,0.3883720930232558,0.007707006696679446,0.0022556948754679108,0.14624505928853754,11,2,7,23,0.087,0.3043,0.0,0.0,2e-06
534,inequality,15.0,1,2,inequality,14,1.2767,0.0014094749032669295,2.4e-05,15.512,0.3761261261261261,0.003558130101230818,0.0013176025886030304,0.25274725274725274,11,4,4,15,0.2667,0.2667,0.0,0.0,0.0
430,national team,11.0,1,2,national team,12,1.0643,0.001400497356112363,0.00433,-2.084,0.35894680279419666,0.001945567656368232,0.0011945637587022072,0.045454545454545456,9,3,3,11,0.2727,0.2727,0.0,0.0,0.0
603,formats,11.0,1,5,formats,8,0.6176,0.001400497356112363,0.0,0.0,0.35232067510548526,0.0011199967603583668,0.0007750097373013707,0.14285714285714285,8,2,2,11,0.1818,0.1818,0.0,0.0,0.0
386,convergence,12.0,1,0,convergence,7,0.57,0.0013960085825350799,0.006534,-2.733,0.35176408636124273,0.0017562922185033658,0.0007779335435337588,0.14285714285714285,6,0,2,12,0.0,0.1667,0.0,0.0,0.0
347,dual career,13.0,1,7,dual career,16,1.9706,0.0013937641957464382,0.002568,-1.251,0.3872463768115942,0.005106022068897209,0.001837661677773884,0.19166666666666668,11,3,12,13,0.2308,0.9231,0.0,0.0,0.0
211,delivery,19.0,1,1,delivery,19,1.7951,0.0013870310353805136,0.001874,-0.519,0.3744394618834081,0.0035577011056337686,0.0018061774870430768,0.14619883040935672,11,0,2,19,0.0,0.1053,0.0,0.0,0.0
465,continuous,10.0,1,0,continuous,6,0.3956,0.0013870310353805136,0.000379,4.235,0.35437665782493366,0.003026530298228163,0.0005614424147594485,0.13333333333333333,6,0,1,10,0.0,0.1,0.0,0.0,0.0
291,macro,15.0,1,8,macro,17,2.8383,0.0013690759410713805,0.001028,0.43,0.3765501691093574,0.014572335823212604,0.0024966211603173597,0.23529411764705882,11,3,3,15,0.2,0.2,0.0,0.0,0.0
562,scope,9.0,1,5,scope,4,0.2426,0.0013690759410713805,0.006127,-2.622,0.3217726396917148,0.0005242984280053529,0.00044402864751387754,0.16666666666666666,4,0,0,9,0.0,0.0,0.0,0.0,0.0
308,competitiveness,14.0,1,0,competitiveness,10,0.8469,0.0013556096203395309,0.000568,1.684,0.35418875927889715,0.002054411869232786,0.001001883861534357,0.15555555555555556,9,2,3,14,0.1429,0.2143,0.002003,0.0,0.0
637,sports training,15.0,1,4,sports training,11,1.1129,0.0013533652335508894,0.001458,-0.127,0.34593474883480063,0.023447482517562332,0.001166560165348292,0.10909090909090909,9,2,3,15,0.1333,0.2,0.0,0.0,0.000134
484,japan,10.0,2,7,japan | japanese,10,0.9305,0.0013511208467622477,0.000204,2.884,0.361863488624052,0.0014200735104596502,0.0010324387231081765,0.17777777777777778,10,4,5,10,0.4,0.5,0.0,0.0,0.0
172,schools,23.0,1,3,schools,23,2.375,0.0013421432996076814,0.004182,-1.85,0.3786848072562358,0.006252037184676295,0.002271441556601661,0.1383399209486166,11,3,3,23,0.1304,0.1304,0.0,0.0,0.000277
257,rates,17.0,1,1,rates,25,2.8319,0.001337654526030398,0.001254,0.099,0.38657407407407407,0.006039928745254685,0.00260085079956136,0.2,11,1,1,17,0.0588,0.0588,0.0,0.0,0.0
643,tracking,8.0,1,4,tracking,16,2.0883,0.001337654526030398,2.1e-05,43.876,0.3694690265486726,0.11985761338712525,0.001636551429616829,0.5083333333333333,11,2,2,8,0.25,0.25,0.0,0.0,0.0
170,lower,23.0,1,1,lower,15,1.5144,0.0013331657524531149,0.004073,-1.749,0.3672347443650357,0.002408413519232034,0.0015492550430034077,0.14285714285714285,11,2,2,23,0.087,0.087,0.0,0.0,5.7e-05
217,efficient,19.0,1,4,efficient,21,2.0895,0.0013219438185099069,0.004945,-2.27,0.3698781838316722,0.053005990214420394,0.0018497387192359246,0.18095238095238095,11,2,2,19,0.1053,0.1053,0.0,0.0,0.000648
253,international sport,29.0,1,0,international sport,22,2.3036,0.001310721884566699,0.007015,-2.813,0.3698781838316722,0.0035167742806001545,0.0023876754697674243,0.18614718614718614,10,1,5,29,0.0345,0.1724,0.0,0.0,0.001066
132,paralympic,29.0,3,9,paralympic | paralympic games | paralympic sport,18,2.0529,0.001303988724200774,0.003451,-1.598,0.3638344226579521,0.002375202735606674,0.0021862424896737613,0.1111111111111111,9,9,13,29,0.3103,0.4483,0.002003,0.0,0.000381
213,determinants,24.0,1,0,determinants,15,1.2925,0.0013017443374121324,0.002355,-0.883,0.37360178970917224,0.0041408610982725585,0.001400503463742106,0.0761904761904762,10,7,7,24,0.2917,0.2917,0.007956,0.0,6.7e-05
178,interactions,40.0,1,1,interactions,17,1.3777,0.0012927667902575659,0.004819,-1.903,0.3698781838316722,0.0029984049642867573,0.0014158646931152778,0.09558823529411764,11,2,2,40,0.05,0.05,0.0,0.0,0.001231
559,reflections,15.0,1,1,reflections,11,1.1303,0.0012882780166802827,6.9e-05,9.085,0.3581769436997319,0.004099890412364008,0.001157672428718986,0.38181818181818183,11,7,10,15,0.4667,0.6667,0.0,0.000469,0.0
456,union,11.0,1,0,union,15,1.684,0.001286033629891641,0.003805,-1.496,0.3692647871752349,0.0021095590210819556,0.0017497941515586658,0.24761904761904763,10,1,1,11,0.0909,0.0909,0.0,0.0,0.0
139,holistic,28.0,1,8,holistic,25,2.6584,0.0012793004695257162,0.013506,-4.337,0.39247943595769685,0.014127735491956565,0.0024243743753942395,0.15,11,2,4,28,0.0714,0.1429,0.0,0.0,1.8e-05
329,responses,14.0,1,0,responses,9,0.8585,0.0012703229223711499,0.002315,-1.133,0.35494155154091395,0.00881682365291593,0.0010160739600074892,0.16666666666666666,8,0,0,14,0.0,0.0,0.0,0.0,0.0
283,criteria,15.0,1,7,criteria,12,0.9791,0.0012568566016393002,0.003238,-1.323,0.36906077348066296,0.004736652578098577,0.0010751875285444504,0.030303030303030304,9,0,1,15,0.0,0.0667,0.0,0.0,0.0
262,substantial,17.0,1,3,substantial,11,0.9015,0.001252367828062017,0.000467,1.313,0.3672347443650357,0.002083490975036916,0.0009831283693049972,0.10909090909090909,10,0,0,17,0.0,0.0,0.0,0.0,0.0
277,stages,16.0,1,3,stages,15,1.4336,0.0012478790544847337,0.006825,-3.058,0.3700831024930748,0.0027158274522806917,0.0015118387320545372,0.13333333333333333,10,0,1,16,0.0,0.0625,0.0,0.0,1e-05
269,korean,16.0,2,7,korean | south korean,13,1.5612,0.0012433902809074505,0.001835,-0.647,0.36967349197565025,0.003294029380883045,0.0015626743067960398,0.23076923076923078,11,8,9,16,0.5,0.5625,9e-06,0.0,1e-06
397,measurement,12.0,1,7,measurement,12,1.2777,0.0012389015073301674,0.000557,1.148,0.374020156774916,0.010540052990653389,0.0012815035294724607,0.15151515151515152,10,0,1,12,0.0,0.0833,0.0,0.0,0.0
219,ethical,27.0,2,4,ethical | ethics,25,2.5729,0.0012344127337528842,0.009147,-3.332,0.36906077348066296,0.0848403959405666,0.0023617366021209596,0.21666666666666667,11,3,8,27,0.1111,0.2963,0.0,0.0,2.7e-05
360,micro,13.0,1,8,micro,18,2.9786,0.0012344127337528842,0.000834,0.663,0.3845710995970063,0.00906020965644781,0.002612057398491016,0.21568627450980393,11,1,1,13,0.0769,0.0769,0.0,0.0,0.0
583,communities,8.0,1,7,communities,7,0.4771,0.0012299239601756009,2.2e-05,32.351,0.349189754312598,0.0011613693468850719,0.0006540733280409425,0,7,1,1,8,0.125,0.125,0.0,0.0,0.0
229,sport psychology,19.0,1,1,sport psychology,19,2.7061,0.0012209464130210346,0.002312,-0.982,0.3759144625773776,0.007245749655179396,0.002509991442804153,0.26900584795321636,11,5,11,19,0.2632,0.5789,0.0,0.0,7e-06
186,dual,21.0,1,7,dual,23,2.7353,0.001196258158345977,0.003414,-1.717,0.39178885630498533,0.005513269417542548,0.0025147757662776875,0.15019762845849802,11,6,16,21,0.2857,0.7619,0.001995,0.006921,1e-05
154,men,25.0,1,2,men,21,2.5355,0.0011940137715573352,0.001602,-0.481,0.37381085618354787,0.0037065199718442497,0.002528701428436164,0.18095238095238095,11,2,2,25,0.08,0.08,0.0,0.0,6.7e-05
224,meaningful,19.0,1,2,meaningful,13,1.1947,0.0011805474508254856,0.005057,-2.412,0.36205962059620594,0.0020003840968026805,0.0013165750597698984,0.14102564102564102,10,0,0,19,0.0,0.0,0.0,0.0,6.4e-05
341,advanced,13.0,1,4,advanced,11,0.9757,0.0011760586772482024,0.000497,2.187,0.3706992230854606,0.029896684489461988,0.0009648897037150622,0.23636363636363636,10,1,1,13,0.0769,0.0769,0.0,0.0,0.0
461,arena,10.0,1,5,arena,3,0.1796,0.0011670811300936359,0.000949,0.448,0.30911614993058767,0.00035392225237259657,0.0003853073270253044,0.3333333333333333,3,1,1,10,0.1,0.1,0.0,0.0,0.0
467,cup,10.0,1,0,cup,7,0.8567,0.0011670811300936359,0.00021,3.698,0.3422131147540984,0.001455199402392607,0.0010196461327039558,0.14285714285714285,7,3,3,10,0.3,0.3,0.0,0.0,0.0
378,attitudes,12.0,1,2,attitudes,8,0.7315,0.0011625923565163527,7.1e-05,7.008,0.3441524987120041,0.0008730989376804246,0.0009175696548914813,0.17857142857142858,7,0,2,12,0.0,0.1667,0.0,0.0,0.0
366,recovery,13.0,1,0,recovery,11,0.9786,0.001155859196150428,0.003882,-1.859,0.37235228539576365,0.008954123260764002,0.001053835809746249,0.10909090909090909,10,3,5,13,0.2308,0.3846,0.0,0.0,0.0
242,parents,18.0,1,3,parents,21,2.0981,0.001149126035784503,0.000839,0.546,0.387695879280325,0.006437672102154565,0.0019884914117292186,0.16666666666666666,11,4,4,18,0.2222,0.2222,0.0,0.0,7.6e-05
431,numerous,11.0,1,2,numerous,5,0.3014,0.0011289265546867286,0.000272,4.431,0.33550979407333,0.0007181684730935939,0.0005074032809303695,0,5,0,0,11,0.0,0.0,0.0,0.0,0.0
121,areas,30.0,1,1,areas,12,1.056,0.0011132158471662374,0.002929,-1.537,0.36663007683863885,0.004397165205814704,0.0011725149020031253,0.045454545454545456,9,2,2,30,0.0667,0.0667,0.0,0.0,7.4e-05
197,highest,20.0,1,1,highest,18,1.7974,0.0010997495264343877,0.003423,-1.779,0.37804187889077534,0.004302444490033925,0.0017478769888474657,0.16339869281045752,11,0,0,20,0.0,0.0,0.0,0.0,0.000103
131,managers,32.0,2,7,managers | managerial,13,1.2732,0.0010907719792798212,0.000192,4.644,0.36127636560302867,0.004632331607529753,0.001382849240494555,0.10256410256410256,9,2,2,32,0.0625,0.0625,0.0,0.0,0.000536
119,talent identification,31.0,1,3,talent identification,33,4.3647,0.001086283205702538,0.001162,-0.104,0.4021673690547863,0.02718257667023747,0.0038161668440397215,0.19128787878787878,11,3,14,31,0.0968,0.4516,0.0,0.0,0.000186
225,members,19.0,1,6,members,11,1.026,0.001086283205702538,0.000839,0.41,0.3532522474881015,0.00202171722141789,0.0013279072629933447,0.09090909090909091,8,0,0,19,0.0,0.0,0.0,0.0,3.4e-05
232,consequences,18.0,1,0,consequences,10,0.8951,0.001086283205702538,0.000829,0.41,0.34755463059313213,0.0012814404678676702,0.001139318936508513,0.2,9,3,3,18,0.1667,0.1667,0.0,0.0,0.000129
248,digital,17.0,1,4,digital,33,3.9713,0.0010840388189138964,0.00085,0.399,0.39550029603315573,0.1659365331897082,0.0031296784188611015,0.32386363636363635,12,11,13,17,0.6471,0.7647,0.01174,0.006015,0.000181
383,conflict,17.0,1,3,conflict,14,1.4514,0.0010773056585479716,0.000193,4.567,0.3744394618834081,0.00872616045733319,0.0014653656110555577,0.10989010989010989,11,5,8,17,0.2941,0.4706,0.0,0.0,9e-06
173,services,23.0,1,6,services,20,1.8688,0.0010728168849706884,0.005048,-2.275,0.37360178970917224,0.005546677715813382,0.002066702690006681,0.11052631578947368,11,1,2,23,0.0435,0.087,0.0,0.0,4e-06
463,career transition,10.0,1,6,career transition,11,1.071,0.0010728168849706884,0.000286,3.097,0.35856146001073536,0.0025512807997340636,0.0011506425364800768,0.3090909090909091,10,2,7,10,0.2,0.7,0.0,0.0,0.0
572,visibility,9.0,1,1,visibility,6,0.4705,0.0010593505642388387,1.9e-05,33.053,0.3436213991769547,0.0028385402680162213,0.0006525721151152058,0,6,0,0,9,0.0,0.0,0.0,0.0,0.0
168,distinct,23.0,1,1,distinct,13,1.1827,0.0010548617906615556,0.001774,-0.812,0.36683141131246566,0.0016949565765994176,0.0013325546556350479,0.05128205128205128,9,1,1,23,0.0435,0.0435,0.0,0.0,0.000326
311,establishment,14.0,1,0,establishment,8,0.6456,0.0010548617906615556,0.000221,1.971,0.3361852038248616,0.0009752390086849984,0.0008516187015060795,0.14285714285714285,6,0,0,14,0.0,0.0,0.0,0.0,8e-06
340,administrators,13.0,1,3,administrators,7,0.5052,0.001045884243506989,0.007843,-3.28,0.3455768235902742,0.004081491974846214,0.000662273037176966,0.09523809523809523,7,1,1,13,0.0769,0.0769,0.0,0.0,0.0
317,independent,14.0,1,5,independent,8,0.6384,0.001041395469929706,1.8e-05,43.17,0.35494155154091395,0.0014956800866016927,0.000783872135996631,0.14285714285714285,8,0,0,14,0.0,0.0,0.0,0.0,0.0
355,guidelines,13.0,1,8,guidelines,13,1.3306,0.0010369066963524228,0.003125,-1.71,0.3700831024930748,0.007630861280248571,0.0013255271282739064,0.08974358974358974,10,0,0,13,0.0,0.0,0.0,0.0,0.0
468,decline,10.0,1,5,decline,7,0.6228,0.0010324179227751394,0.000214,3.748,0.35437665782493366,0.007847565750866438,0.000865806235628616,0.19047619047619047,6,0,0,10,0.0,0.0,0.0,0.0,0.0
189,makers,21.0,1,7,makers,11,0.9876,0.0010279291491978562,0.002808,-1.49,0.3566470902295782,0.0037253188488783145,0.001114263815621843,0.05454545454545454,9,0,1,21,0.0,0.0476,0.0,0.0,5.6e-05
240,norwegian,22.0,2,3,norwegian | norway,17,1.7354,0.0010279291491978562,0.003485,-1.706,0.3778280542986425,0.00717984371836409,0.0016323470406121362,0.3014705882352941,11,13,14,22,0.5909,0.6364,0.002218,0.0,1.1e-05
125,primary,30.0,1,3,primary,18,1.6456,0.00101895160204329,0.005807,-2.51,0.38523644752018454,0.0027724521560599253,0.0016684335922950723,0.0915032679738562,11,0,0,30,0.0,0.0,0.0,0.0,0.000281
126,bodies,29.0,1,5,bodies,16,1.8445,0.00101895160204329,0.007038,-2.803,0.37173066221480244,0.004273977862369044,0.0018708031151175636,0.175,10,3,3,29,0.1034,0.1034,0.0,0.0,0.000157
494,pressures,10.0,1,1,pressures,7,0.6142,0.0010054852813114403,0.000701,0.637,0.3445074780814853,0.0010879572409957172,0.0008125975426657179,0.2857142857142857,6,1,1,10,0.1,0.1,0.0,0.0,0.0
150,basketball,25.0,1,2,basketball,17,1.6547,0.000983041413425024,0.003722,-2.113,0.374020156774916,0.0186706912569829,0.0016730893461343887,0.16911764705882354,10,9,12,25,0.36,0.48,0.00144,0.004466,9.1e-05
540,items,9.0,1,7,items,4,0.2625,0.0009740638662704577,0.000202,1.922,0.32857845548450565,0.0008614113430973122,0.00046303921031258435,0,4,0,0,9,0.0,0.0,0.0,0.0,0.0
845,reactions,9.0,1,4,reactions,3,0.2285,0.0009695750926931745,0.0,0.0,0.3133208255159475,0.00042832233259345025,0.0005216357957741956,0,3,2,3,9,0.2222,0.3333,0.0,0.0,0.0
563,similarities,9.0,1,0,similarities,7,0.5753,0.000960597545538608,0.000111,6.801,0.35157894736842105,0.0010846604740806516,0.0007569023746966809,0.09523809523809523,7,0,0,9,0.0,0.0,0.0,0.0,0.0
287,indicators,15.0,1,5,indicators,8,0.741,0.000897754715456643,7.9e-05,4.896,0.3502884111169376,0.001446209852484144,0.0008757631669443317,0.10714285714285714,8,2,3,15,0.1333,0.2,0.0,0.0,0.0
455,typical,11.0,1,5,typical,6,0.4947,0.0008910215550907182,0.000294,2.639,0.3448631905007744,0.0009687537008810609,0.0007647798692466048,0.06666666666666667,5,0,0,11,0.0,0.0,0.0,0.0,0.0
346,directions,13.0,1,7,directions,5,0.4202,0.0008887771683020766,0.001641,-0.785,0.33383308345827084,0.002369075812138137,0.0006905919914818793,0.1,4,0,0,13,0.0,0.0,0.0,0.0,0.0
633,scenarios,10.0,1,4,scenarios,11,1.1817,0.0008887771683020766,0.000393,1.752,0.34955520669806384,0.060274483773905756,0.0010771840546815574,0.5454545454545454,10,1,1,10,0.1,0.1,0.0,0.0,0.0
195,autonomy,20.0,1,1,autonomy,9,0.9101,0.0008842883947247933,0.002599,-1.583,0.34737389495579823,0.0023880436132703207,0.001167115252358201,0.08333333333333333,7,1,3,20,0.05,0.15,0.0,0.0,8e-05
204,sport management,27.0,1,7,sport management,18,1.7261,0.0008842883947247933,0.010442,-3.845,0.37028824833702884,0.013999121178883623,0.0017060091740230268,0.11764705882352941,11,5,10,27,0.1852,0.3704,0.002003,0.000442,3.3e-05
385,contrast,12.0,1,0,contrast,5,0.3297,0.0008797996211475102,0.000661,0.485,0.3383991894630192,0.0018800160265903872,0.0005117299980246631,0,5,0,0,12,0.0,0.0,0.0,0.0,0.0
451,theories,11.0,1,3,theories,7,0.5803,0.0008663333004156605,0.000502,1.226,0.34291581108829566,0.0009840863783652154,0.0007465532425323376,0.14285714285714285,7,0,1,11,0.0,0.0909,0.0,0.0,0.0
370,trajectories,13.0,1,3,trajectories,11,0.9532,0.0008640889136270189,0.000538,0.657,0.35894680279419666,0.0016919227664737948,0.0010708858207963646,0.14545454545454545,10,2,3,13,0.1538,0.2308,0.0,0.0,2e-06
227,recognition,19.0,1,4,recognition,10,0.9137,0.0008618445268383772,0.002969,-1.8,0.350104821802935,0.027843038922953985,0.0010360063962824631,0.15555555555555556,9,0,2,19,0.0,0.1053,0.0,0.0,2.8e-05
110,developmental,31.0,1,3,developmental,29,2.9861,0.0008438894325292444,0.001457,-0.781,0.39410029498525073,0.008228619557035851,0.0027179942417797525,0.18719211822660098,11,6,6,31,0.1935,0.1935,0.000388,4e-06,7.5e-05
166,scientific,24.0,1,4,scientific,16,1.4755,0.000834911885374678,0.001402,-0.67,0.374020156774916,0.018188593791837064,0.0015032781835796155,0.058333333333333334,10,0,0,24,0.0,0.0,0.0,0.0,2.4e-05
259,representation,17.0,1,2,representation,12,1.1437,0.0008304231117973947,0.004418,-2.233,0.36363636363636365,0.0016688319490230728,0.0013054439822716539,0.10606060606060606,9,2,6,17,0.1176,0.3529,0.0,0.0,9e-06
438,reports,11.0,1,0,reports,8,0.7487,0.0008304231117973947,0.002401,-1.409,0.34133878385283595,0.000863860179009338,0.0008947117032927603,0.25,8,0,0,11,0.0,0.0,0.0,0.0,0.0
527,drivers,9.0,1,0,drivers,4,0.2482,0.0008304231117973947,0.00064,0.338,0.3333333333333333,0.0006753903346861296,0.0004360246695451905,0.5,4,1,2,9,0.1111,0.2222,0.0,0.0,0.0
296,personnel,15.0,1,8,personnel,18,1.9959,0.0008214455646428283,0.006837,-3.144,0.37193763919821826,0.007038320455906676,0.0020140163844079677,0.11764705882352941,10,0,0,15,0.0,0.0,0.0,0.0,0.0
478,inadequate,10.0,1,1,inadequate,7,0.6056,0.0008214455646428283,0.000523,0.808,0.34955520669806384,0.0014831436910637454,0.0007283190635291826,0.09523809523809523,7,0,0,10,0.0,0.0,0.0,0.0,0.0
158,children,24.0,1,3,children,13,1.2347,0.0008124680174882619,0.002596,-1.686,0.35232067510548526,0.0023398699251578553,0.0012953262019222238,0.23076923076923078,9,5,10,24,0.2083,0.4167,0.0,7.8e-05,0.000162
212,descriptive,19.0,1,2,descriptive,13,1.2676,0.0008034904703336955,0.001431,-0.712,0.3652268999453253,0.013403150377562316,0.0013041995531207842,0.15384615384615385,10,0,0,19,0.0,0.0,0.0,0.0,4e-06
550,optimization,9.0,1,4,optimization,11,1.5217,0.0008034904703336955,9.5e-05,1.782,0.3455768235902742,0.0738400321406811,0.0012498274580532939,0.509090909090909,11,2,4,9,0.2222,0.4444,0.0,0.0,0.0
326,policymakers,14.0,1,5,policymakers,13,1.3133,0.0007945129231791291,0.000603,0.639,0.3648279628618241,0.004253279907252975,0.0013583300765067023,0.16666666666666666,10,1,1,14,0.0714,0.0714,0.0,0.0,0.0
336,wearable,14.0,1,4,wearable,44,7.119,0.0007855353760245627,0.001003,-0.378,0.4016837041491281,0.29432494992066166,0.005272091530640277,0.3044397463002114,12,2,2,14,0.1429,0.1429,0.0,0.0,0.0
185,depth,21.0,1,2,depth,13,1.2649,0.0007810466024472794,0.005123,-2.644,0.3608860075634792,0.0027261419324620764,0.0014213696964059648,0.05128205128205128,9,0,0,21,0.0,0.0,0.0,0.0,2.6e-05
448,symptoms,11.0,1,1,symptoms,17,2.1201,0.000772069055292713,0.001157,-0.658,0.36663007683863885,0.006143648025677419,0.001907033342465444,0.45588235294117646,11,2,2,11,0.1818,0.1818,0.0,0.0,0.0
584,competence,8.0,1,2,competence,5,0.3799,0.000772069055292713,0.000994,-0.414,0.3408163265306122,0.001132005443610813,0.0005514686699016117,0.1,5,0,1,8,0.0,0.125,0.0,0.0,0.0
301,students,15.0,1,7,students,12,1.168,0.0007586027345608633,0.000289,1.916,0.3642311886586696,0.002472600689876595,0.0012258516216657796,0.30303030303030304,10,1,3,15,0.0667,0.2,0.0,0.0,0.0
327,positions,14.0,1,2,positions,11,1.0915,0.0007586027345608633,0.000652,0.206,0.3642311886586696,0.0030877039208990573,0.0012088180899617435,0.14545454545454545,9,1,1,14,0.0714,0.0714,0.0,0.0,0.0
234,due,18.0,1,1,due,10,0.9172,0.0007541139609835801,0.000707,0.06,0.3572192513368984,0.0023623435288606036,0.0010363457309043485,0.15555555555555556,9,0,0,18,0.0,0.0,0.0,0.0,2.2e-05
281,collegiate,15.0,1,6,collegiate,15,2.2046,0.0007428920270403721,0.001159,-0.749,0.36784140969163,0.005452875064042059,0.0021645826562247347,0.26666666666666666,11,4,7,15,0.2667,0.4667,0.0,0.0,0.000216
297,progress,15.0,1,7,progress,17,1.8575,0.0007428920270403721,0.002808,-1.95,0.374020156774916,0.00483745823226673,0.0019498065910757045,0.21323529411764705,11,2,3,15,0.1333,0.2,0.0,0.0,2.2e-05
292,optimal,15.0,1,1,optimal,8,0.6642,0.0007316700930971641,0.000375,1.602,0.35645677694770544,0.011916038413744433,0.0007726057383757718,0.03571428571428571,8,0,0,15,0.0,0.0,0.0,0.0,0.0
200,leaders,20.0,1,0,leaders,10,1.012,0.0007271813195198809,0.004487,-2.42,0.35456475583864117,0.0015029606479099458,0.0011937790359418932,0.13333333333333333,7,0,0,20,0.0,0.0,0.0,0.0,0.0
699,partnerships,12.0,1,8,partnerships,10,0.9255,0.0007271813195198809,0.0,0.0,0.361863488624052,0.005924231918497026,0.0010004597910183107,0.2,10,1,1,12,0.0833,0.0833,0.0,0.0,0.0
507,switzerland,10.0,1,0,switzerland,3,0.1948,0.0007226925459425976,0.000655,0.175,0.315839243498818,0.0002536906099566386,0.00041107276318916633,0,3,1,1,10,0.1,0.1,0.0,0.0,0.0
447,subsequent,11.0,1,3,subsequent,4,0.2684,0.0007137149987880312,0.000207,2.075,0.3303659742828882,0.0005685192444160566,0.0004694229438979541,0,4,1,1,11,0.0909,0.0909,0.0,0.0,0.0
449,technical,11.0,1,1,technical,5,0.459,0.0007137149987880312,0.000422,0.623,0.3321730482347091,0.0013895910607231814,0.0005970012879088955,0.3,5,0,2,11,0.0,0.1818,0.0,0.0,0.0
486,maltreatment,10.0,1,2,maltreatment,5,0.427,0.0007137149987880312,0.001851,-1.156,0.3316782522343595,0.0010998285695827004,0.0006299395744434586,0.1,5,5,7,10,0.5,0.7,4e-06,0.0,0.0
417,discourse,15.0,2,1,discourse | discourses,8,0.8821,0.000709226225210748,0.000753,-0.059,0.3490073145245559,0.0013548453348149042,0.001109109771997374,0,7,5,7,15,0.3333,0.4667,0.0,0.0,0.0
151,comparative,25.0,1,0,comparative,19,1.7879,0.0007002486780561815,0.00162,-1.05,0.37976122797043776,0.0030059847920712794,0.0019818398041776524,0.1695906432748538,10,10,10,25,0.4,0.4,0.004489,2.7e-05,4.2e-05
599,expertise,8.0,1,6,expertise,3,0.2058,0.000686782357324332,7.7e-05,1.603,0.3096893834028744,0.00039901355500250634,0.0004216893018561584,0.3333333333333333,3,0,1,8,0.0,0.125,0.0,0.0,0.0
689,lifelong,13.0,2,1,lifelong | lifetime,13,1.3933,0.0006778048101697654,0.0,0.0,0.36683141131246566,0.012954826919375025,0.0013910597651606643,0.14102564102564102,9,1,2,13,0.0769,0.1538,0.0,0.0,0.0
273,phase,22.0,2,5,phase | phases,10,0.88,0.0006733160365924823,5.3e-05,11.179,0.3462934162778642,0.002425332559466936,0.0010957441124617908,0.022222222222222223,8,0,0,22,0.0,0.0,0.0,0.0,6e-06
214,disability,25.0,2,9,disability | disabled,13,1.8836,0.0006643384894379159,0.001885,-1.362,0.348643006263048,0.0021283884804830693,0.0021391221409146717,0.10256410256410256,8,11,17,25,0.44,0.68,0.006305,0.007099,7.6e-05
249,exploratory,17.0,1,7,exploratory,10,0.9838,0.0006643384894379159,0.003161,-2.026,0.35894680279419666,0.003244160680929268,0.001074074952689274,0.15555555555555556,9,2,2,17,0.1176,0.1176,0.0,0.0,1.6e-05
338,absence,13.0,1,5,absence,11,1.0512,0.0006598497158606326,0.000416,0.49,0.35894680279419666,0.0022913991189501075,0.0011425255471586406,0.18181818181818182,10,0,0,13,0.0,0.0,0.0,0.0,0.0
374,allocation,12.0,1,7,allocation,7,0.5539,0.000657605329071991,0.007004,-3.193,0.3493723849372385,0.0033804587025568606,0.0007040558785927685,0,7,1,1,12,0.0833,0.0833,0.0,0.0,0.0
320,match,20.0,1,2,match,15,1.6508,0.0006553609422833495,0.000533,0.314,0.3576017130620985,0.023164201735790726,0.0016963507455911042,0.11428571428571428,9,1,1,20,0.05,0.05,0.0,0.0,1.9e-05
222,korea,19.0,1,7,korea,17,2.0558,0.0006508721687060662,0.001368,-1.008,0.3814962878355226,0.0031617295132129225,0.0019977534353566567,0.14705882352941177,11,6,9,19,0.3158,0.4737,0.000125,0.0,2.3e-05
462,beijing,10.0,1,0,beijing,7,0.5712,0.0006418946215514998,2.1e-05,16.753,0.33925850685627224,0.0009175311597691675,0.0007276603023230767,0.19047619047619047,7,4,5,10,0.4,0.5,0.0,0.0,0.0
318,justice,14.0,1,2,justice,10,0.9233,0.0006374058479742165,0.001895,-1.311,0.35683760683760685,0.0021909910996984455,0.0010319028000508857,0.13333333333333333,9,6,9,14,0.4286,0.6429,0.003431,1.8e-05,0.0
148,institutions,26.0,1,7,institutions,13,1.2586,0.0006329170743969334,0.002351,-1.646,0.367032967032967,0.008085962760482507,0.001345684033356825,0.11538461538461539,10,0,0,26,0.0,0.0,0.0,0.0,8.9e-05
268,coordination,16.0,1,3,coordination,14,1.3825,0.0006329170743969334,0.000573,0.126,0.3721448467966574,0.00852654148103052,0.00140588754094819,0.0989010989010989,10,1,3,16,0.0625,0.1875,0.0,0.0,0.0
276,specialization,16.0,1,3,specialization,17,1.871,0.0006284283008196501,0.003097,-1.602,0.37193763919821826,0.0052867484611493765,0.0017222823412169996,0.27941176470588236,11,4,6,16,0.25,0.375,0.004,0.0,0.0
321,nuanced,14.0,1,8,nuanced,13,1.291,0.0006194507536650837,0.001977,-1.49,0.37381085618354787,0.0037341492741713995,0.0013011661493318235,0.05128205128205128,11,0,0,14,0.0,0.0,0.0,0.0,0.0
433,platform,11.0,1,4,platform,6,0.5162,0.0006194507536650837,0.000135,1.24,0.3383991894630192,0.013985565355742515,0.0006335196942283395,0.13333333333333333,6,3,3,11,0.2727,0.2727,0.002003,0.0,0.0
434,prior,11.0,1,2,prior,7,0.6539,0.0006194507536650837,0.002407,-1.717,0.34647302904564314,0.0026180002795707534,0.0007854378519184283,0.19047619047619047,7,0,0,11,0.0,0.0,0.0,0.0,0.0
159,conceptual,24.0,1,0,conceptual,10,0.8847,0.0006149619800878004,0.002363,-1.486,0.35779325120514194,0.0027618177359308577,0.0010294777491428062,0.044444444444444446,9,1,2,24,0.0417,0.0833,0.0,0.0,7e-05
278,statistics,20.0,2,2,statistics | statistical,19,2.2759,0.0006149619800878004,0.020332,-5.124,0.3771880293619424,0.016904846975696317,0.0022874292316574013,0.11695906432748537,10,1,1,20,0.05,0.05,0.0,0.0,0.000138
593,disciplinary,8.0,1,1,disciplinary,6,0.6857,0.0006149619800878004,0.0008,-0.411,0.33771486349848334,0.0012375529639797225,0.0009343288975913987,0.4666666666666667,5,0,0,8,0.0,0.0,0.0,0.0,0.0
521,costs,9.0,1,3,costs,9,0.8011,0.000605984432933234,0.0,0.0,0.3553191489361702,0.0016254725078037663,0.0008953054821722959,0.25,9,1,1,9,0.1111,0.1111,0.0,0.0,0.0
293,para,15.0,1,9,para,11,1.3739,0.0005970068857786676,0.000504,0.193,0.35232067510548526,0.004231978213450786,0.0015799284945187675,0.14545454545454545,8,6,8,15,0.4,0.5333,0.002008,0.002267,0.0
207,contemporary,19.0,1,5,contemporary,25,2.6884,0.000594762498990026,0.00051,0.177,0.39178885630498533,0.009380163112026068,0.002478660920155861,0.26666666666666666,11,1,1,19,0.0526,0.0526,0.0,0.0,3e-06
157,capacity,24.0,1,6,capacity,12,1.0666,0.0005880293386241012,0.00084,-0.438,0.36442989634478995,0.005812803643701357,0.0011757407965298666,0.09090909090909091,10,2,3,24,0.0833,0.125,0.0,0.0,4e-06
167,demands,23.0,1,3,demands,17,1.691,0.0005880293386241012,0.002118,-1.467,0.36845008273579705,0.002443447470480808,0.0017259054421367487,0.09558823529411764,11,1,1,23,0.0435,0.0435,0.0,0.0,2e-05
398,normative,12.0,1,3,normative,9,0.8707,0.0005857849518354595,0.000685,-0.181,0.3566470902295782,0.002379938372883656,0.0009467327994632001,0.3055555555555556,9,2,3,12,0.1667,0.25,0.0,0.0,0.0
335,trust,14.0,1,6,trust,8,0.6358,0.0005835405650468179,0.000242,0.597,0.34665282823040994,0.0017962319130833124,0.0007801054159861812,0.21428571428571427,8,1,4,14,0.0714,0.2857,0.0,0.0,6e-06
226,physical activity,19.0,1,5,physical activity,26,2.8887,0.0005812961782581764,0.002362,-1.723,0.39224897240164414,0.00867557918824715,0.0026356517754124275,0.2953846153846154,11,3,7,19,0.1579,0.3684,0.0,0.0,0.000334
208,core,19.0,1,5,core,12,1.126,0.0005790517914695348,0.001013,-0.707,0.3742296918767507,0.006201123497710555,0.001177912812978388,0.10606060606060606,10,3,3,19,0.1579,0.1579,0.0,0.0,3e-06
138,effectiveness,28.0,1,2,effectiveness,13,1.1511,0.0005745630178922515,0.005158,-2.922,0.3512092534174553,0.012202670594592393,0.0012388083914579308,0.11538461538461539,10,2,4,28,0.0714,0.1429,0.0,0.0,0.000239
236,excellence,18.0,1,7,excellence,9,0.7963,0.0005745630178922515,0.003472,-2.335,0.350104821802935,0.0012881331014676894,0.0009387122402350003,0.08333333333333333,8,3,3,18,0.1667,0.1667,0.0,0.0,9e-06
511,actions,9.0,1,2,actions,4,0.2565,0.0005610966971604019,0.001566,-1.28,0.3231736816642477,0.00034759204026247535,0.00045867872036102464,0.3333333333333333,4,0,1,9,0.0,0.1111,0.0,0.0,0.0
609,ideal,14.0,1,2,ideal,10,0.8495,0.0005566079235831187,0.000959,-0.679,0.3583690987124464,0.0015798685162324924,0.0009817520817082192,0.15555555555555556,9,1,1,14,0.0714,0.0714,0.0,0.0,0.0
517,championships,13.0,1,2,championships,7,0.5319,0.000554363536794477,0.00029,1.135,0.35513024986709196,0.0011685417535635657,0.0006977658813449917,0.19047619047619047,7,0,1,13,0.0,0.0769,0.0,0.0,2e-06
343,competitive sports,18.0,1,0,competitive sports,8,0.8005,0.0005521191500058354,0.00297,-1.772,0.3462934162778642,0.001877732571760918,0.000930863029082755,0.07142857142857142,8,1,6,18,0.0556,0.3333,0.0,0.0,0.0
512,agents,9.0,1,2,agents,7,0.62,0.0005521191500058354,0.004528,-2.602,0.34151329243353784,0.002994758913378757,0.0007438604323011468,0.42857142857142855,7,0,0,9,0.0,0.0,0.0,0.0,0.0
578,behavioral,13.0,1,2,behavioral,8,0.7622,0.0005521191500058354,0.00065,-0.185,0.34809796769150597,0.004335574074896404,0.0009082618528399049,0.14285714285714285,7,0,1,13,0.0,0.0769,0.0,0.0,0.0
501,scholarly,10.0,1,2,scholarly,5,0.4064,0.0005476303764285522,0.000118,3.273,0.3382278481012658,0.0018221510632276878,0.0005880894762056194,0,5,0,0,10,0.0,0.0,0.0,0.0,0.0
560,relational,9.0,1,6,relational,7,0.5318,0.0005476303764285522,0.000121,3.089,0.350104821802935,0.003695030614571407,0.0006715459859491086,0.047619047619047616,7,2,3,9,0.2222,0.3333,0.0,0.0,0.0
396,means,12.0,1,2,means,6,0.4753,0.0005386528292739858,0.000657,-0.286,0.3422131147540984,0.0014194187633785615,0.0006488213135602864,0.06666666666666667,6,0,0,12,0.0,0.0,0.0,0.0,0.0
271,norms,16.0,1,2,norms,15,1.666,0.0005341640556967026,0.000883,-0.461,0.3711111111111111,0.004063240936449646,0.0017026543999038078,0.17142857142857143,10,0,0,16,0.0,0.0,0.0,0.0,4.6e-05
377,assistance,12.0,1,6,assistance,9,0.8236,0.0005296752821194194,0.001392,-1.164,0.3510246978455071,0.0019784136668019813,0.0009308294549758866,0.16666666666666666,9,1,2,12,0.0833,0.1667,0.0,0.0,0.0
354,governments,13.0,1,0,governments,11,1.0211,0.0005251865085421362,0.000815,-0.561,0.35287902799788695,0.0012666571261656598,0.001226902376100598,0.2,9,0,0,13,0.0,0.0,0.0,0.0,0.0
266,american,16.0,1,0,american,8,0.7615,0.000520697734964853,0.001597,-1.278,0.35683760683760685,0.0015558421930922306,0.0008765985635943703,0.14285714285714285,8,3,4,16,0.1875,0.25,0.00796,0.009015,0.0
369,strength,19.0,1,6,strength,13,1.3013,0.0005162089613875697,0.003193,-2.028,0.36127636560302867,0.018041172310883483,0.0012948821040910691,0.1794871794871795,11,1,1,19,0.0526,0.0526,0.0,0.0,0.00033
392,integrity,12.0,1,5,integrity,10,1.0026,0.0005162089613875697,0.000143,1.276,0.3646288209606987,0.005620659135684048,0.0011706583768025171,0.17777777777777778,8,3,5,12,0.25,0.4167,0.001459,0.0,0.0
498,resistance,10.0,1,1,resistance,5,0.4823,0.0005162089613875697,0.000732,-0.37,0.33102081268582756,0.003569490455445245,0.0007082144575270604,0.1,5,2,4,10,0.2,0.4,0.0,0.0,0.0
356,integrated,13.0,1,8,integrated,10,0.8394,0.0005147127035284752,0.000292,0.716,0.3634385201305767,0.009576219820029723,0.0008912990170894136,0.17777777777777778,10,5,5,13,0.3846,0.3846,0.0,0.0,0.0
305,artificial intelligence,14.0,1,4,artificial intelligence,35,5.9225,0.0005027426406557201,0.0,0.0,0.3872463768115942,0.3157356289635114,0.004237430691329957,0.45210084033613446,12,6,9,14,0.4286,0.6429,0.0,2.7e-05,2e-06
423,healthy,11.0,1,8,healthy,15,1.6706,0.0005027426406557201,0.00013,1.593,0.36225596529284165,0.0053230068927906425,0.0016200502409562663,0.17142857142857143,10,0,1,11,0.0,0.0909,0.0,0.0,0.0
469,difficulties,10.0,1,2,difficulties,5,0.4087,0.0005027426406557201,0.004108,-2.404,0.33805668016194335,0.0006293031984104929,0.0005969313308830451,0,5,1,1,10,0.1,0.1,0.0,0.0,0.0
406,rules,12.0,1,6,rules,4,0.2938,0.0004937650935011536,0.003776,-2.228,0.33601609657947684,0.0026407030664639367,0.0004824753305108998,0.16666666666666666,4,0,1,12,0.0,0.0833,0.0,0.0,0.0
615,judo,8.0,1,0,judo,3,0.2152,0.0004937650935011536,0.000123,2.494,0.30212573496155587,0.00017327985611369633,0.0004348177287441785,0.3333333333333333,3,5,6,8,0.625,0.75,0.0,0.0,0.0
389,feedback,12.0,1,4,feedback,12,1.1727,0.000491520706712512,0.003967,-2.258,0.3553191489361702,0.044437667680331715,0.0010830459301260206,0.3484848484848485,11,1,3,12,0.0833,0.25,0.0,0.0,0.0
265,abuse,16.0,1,1,abuse,13,1.5701,0.00048478754634658725,0.001665,-1.137,0.35456475583864117,0.005712676727496204,0.0016287139299957542,0.14102564102564102,9,2,7,16,0.125,0.4375,0.0,0.0,0.000143
306,beliefs,14.0,1,2,beliefs,7,0.7476,0.0004713212256147376,0.000865,-0.585,0.337203432609793,0.001257987656227516,0.0009397700667558853,0.14285714285714285,7,1,2,14,0.0714,0.1429,0.0,0.0,3.1e-05
545,marketing,9.0,1,2,marketing,5,0.5356,0.00046234367846017117,0.00139,-1.241,0.3272905438510534,0.0010539221729470034,0.0007858800322622719,0.1,5,2,5,9,0.2222,0.5556,0.0,0.0,0.0
604,france,8.0,1,0,france,6,0.8385,0.00045785490488288796,5.8e-05,6.091,0.3416879795396419,0.0007574422961149455,0.001064001460494316,0.4,5,3,3,8,0.375,0.375,0.001981,0.0,0.0
243,alternative,17.0,1,2,alternative,10,0.8955,0.0004533661313056047,0.000405,0.102,0.3570283270978087,0.002296926604982727,0.0010220503941826965,0,9,2,3,17,0.1176,0.1765,0.0,0.0,5e-06
322,pandemic,14.0,1,9,pandemic,8,1.3144,0.0004398998105737551,0.005401,-2.961,0.34791666666666665,0.005282102286769259,0.0013183494958805494,0.2857142857142857,8,10,10,14,0.7143,0.7143,0.0,0.0,0.0
429,investigation,11.0,1,6,investigation,3,0.1808,0.0004398998105737551,0.000194,1.366,0.31977022498803254,0.00042924233035459495,0.00038160122292363677,0,3,0,0,11,0.0,0.0,0.0,0.0,0.0
531,french,9.0,1,0,french,5,0.6979,0.0004398998105737551,3.4e-05,2.674,0.3230174081237911,0.000427965639150542,0.0009401828911873042,0.3,5,0,0,9,0.0,0.0,0.0,0.0,0.0
420,extensive,11.0,1,5,extensive,5,0.4694,0.0004309222634191886,0.002082,-1.687,0.3436213991769547,0.0024693697495939753,0.0005954906577963044,0.3,5,0,0,11,0.0,0.0,0.0,0.0,0.0
233,contribution,26.0,1,3,contribution,8,0.6811,0.0004264334898419054,0.00468,-2.996,0.3461139896373057,0.002692750220573313,0.0008307603168005448,0.10714285714285714,7,2,2,26,0.0769,0.0769,0.0,0.0,1.3e-05
284,disciplines,22.0,1,0,disciplines,5,0.3796,0.000417455942687339,0.00035,0.112,0.32793323514973,0.005738869732116683,0.0005553682579422488,0.1,5,1,1,22,0.0455,0.0455,0.0,0.0,9.8e-05
359,interpersonal,13.0,1,1,interpersonal,11,1.107,0.0004129671691100558,0.00146,-1.113,0.3658269441401972,0.006832292184789019,0.0011657481671489612,0.12727272727272726,9,2,3,13,0.1538,0.2308,0.0,0.0,0.0
537,interplay,9.0,1,1,interplay,4,0.3341,0.0004129671691100558,8.4e-05,0.852,0.32007666506947774,0.0011567794642820986,0.000534766066200825,0.16666666666666666,4,1,1,9,0.1111,0.1111,0.0,0.0,0.0
316,improvement,14.0,1,9,improvement,8,0.738,0.00039725646158956455,0.000765,-1.015,0.343798250128667,0.007000783024094143,0.0008863875585473119,0.14285714285714285,7,1,3,14,0.0714,0.2143,0.0,0.0,0.0
566,sport sector,14.0,1,5,sport sector,6,0.8983,0.0003950120748009229,1.8e-05,16.654,0.32270531400966185,0.0009238374425191227,0.0010314146384580584,0.26666666666666666,6,0,0,14,0.0,0.0,0.0,0.0,8e-06
575,algorithm,12.0,1,4,algorithm,24,3.666,0.00039276768801228135,1.9e-05,10.625,0.3642311886586696,0.16785535075034286,0.0027858577778652636,0.39492753623188404,12,3,3,12,0.25,0.25,0.0,0.0,0.0
445,stability,11.0,1,5,stability,5,0.4113,0.0003905233012236397,0.000117,2.315,0.34791666666666665,0.00243319244045642,0.0005760528871850605,0.2,5,0,1,11,0.0,0.0909,0.0,0.0,0.0
551,peer,9.0,1,4,peer,8,0.7522,0.0003905233012236397,0.000217,0.702,0.3510246978455071,0.0031478204917767985,0.0008724577727568523,0.14285714285714285,8,0,0,9,0.0,0.0,0.0,0.0,0.0
487,migration,10.0,1,0,migration,3,0.204,0.0003815457540690733,7.5e-05,1.731,0.302536231884058,0.0001692035325689785,0.00042742704206400975,0,3,5,9,10,0.5,0.9,0.000103,0.0,0.0
543,lessons,9.0,1,5,lessons,2,0.1106,0.0003815457540690733,0.000215,0.397,0.3176414645744175,0.0009625590989988453,0.00032225482671925556,0,2,1,1,9,0.1111,0.1111,0.0,0.0,0.0
328,possibilities,20.0,1,2,possibilities,9,0.8562,0.00037705698049179004,6.6e-05,3.661,0.3406425293217746,0.0011156032950744366,0.0010242307616353157,0.16666666666666666,8,1,2,20,0.05,0.1,0.0,0.0,9e-06
479,influential,10.0,1,5,influential,4,0.3601,0.00037256820691450684,0.002442,-1.799,0.31069767441860463,0.0002455567968017191,0.0006335100974666622,0.16666666666666666,4,0,0,10,0.0,0.0,0.0,0.0,0.0
411,achievements,21.0,1,0,achievements,14,1.4489,0.0003635906597599404,0.001789,-1.767,0.35875402792696026,0.0017357215873056294,0.0015068307530629432,0.13186813186813187,10,0,0,21,0.0,0.0,0.0,0.0,2e-05
533,hierarchy,9.0,1,2,hierarchy,2,0.1082,0.0003635906597599404,0.000672,-0.873,0.3096893834028744,0.0007559106923538584,0.00031681383214902367,1.0,2,1,1,9,0.1111,0.1111,0.0,0.0,0.0
542,laws,9.0,1,5,laws,5,0.4442,0.0003591018861826572,0.000323,0.063,0.32053742802303264,0.0009302978058965676,0.0006969213547726137,0.3,4,0,0,9,0.0,0.0,0.0,0.0,0.0
495,protocols,13.0,1,4,protocols,16,1.9388,0.00034114679187352434,2.4e-05,3.577,0.3576017130620985,0.027789665999623705,0.0018999358238284251,0.10833333333333334,10,3,3,13,0.2308,0.2308,0.0,0.0,0.0
504,sub,10.0,1,6,sub,4,0.2529,0.0003389024050848827,0.000192,0.737,0.3373737373737374,0.000665400736017033,0.0004373023215243873,0,4,0,1,10,0.0,0.1,0.0,0.0,0.0
424,hockey,11.0,1,2,hockey,6,0.5177,0.00033216924471895793,2e-05,8.877,0.337544214249621,0.0014475603995465862,0.0006840389330454025,0.26666666666666666,6,6,6,11,0.5455,0.5455,0.0,0.0,0.0
304,anti,14.0,1,2,anti,8,0.9285,0.00031421415040982505,0.000434,-0.228,0.3597199784598815,0.0016853147134579334,0.0010821631754408655,0.14285714285714285,8,2,4,14,0.1429,0.2857,0.0,0.0,0.0
221,intelligence,19.0,1,4,intelligence,36,5.6756,0.00030972537683254185,0.001161,-1.219,0.3897316219369895,0.2954913026475238,0.00410072849807575,0.41904761904761906,12,7,11,19,0.3684,0.5789,0.000103,0.003525,7.1e-05
415,considerations,17.0,1,4,considerations,9,0.8386,0.00030074782967797544,0.000543,-0.463,0.3506561679790026,0.017629391784247838,0.0009570697190055984,0.25,8,3,4,17,0.1765,0.2353,0.0,0.0,9e-06
723,sponsorship,11.0,2,2,sponsorship | sponsors,5,0.5128,0.00030074782967797544,0.0,0.0,0.31779257849666986,0.0003979076180813578,0.0007840908024267454,0.1,5,1,2,11,0.0909,0.1818,0.0,0.0,0.0
122,athletics,30.0,1,6,athletics,10,1.0284,0.0002962590561006922,0.003244,-2.3,0.3423885187083547,0.0012520590127497648,0.0012413287638272006,0.13333333333333333,8,7,10,30,0.2333,0.3333,0.001113,0.001825,0.000335
300,societal,15.0,1,3,societal,8,0.7754,0.00029177028252340897,0.00142,-1.455,0.34647302904564314,0.0019348735986895115,0.0009423849075685623,0.10714285714285714,7,0,1,15,0.0,0.0667,0.0,0.0,0.0
502,soccer,10.0,1,2,soccer,7,0.7338,0.00029177028252340897,0.000133,0.568,0.3416879795396419,0.008740541400986769,0.0008531230114641652,0.23809523809523808,7,4,5,10,0.4,0.5,0.0,0.0,0.0
569,statements,9.0,1,1,statements,10,1.1383,0.00029177028252340897,0.000377,-0.325,0.35607675906183367,0.004028698762853237,0.0011857485976772893,0.37777777777777777,10,0,0,9,0.0,0.0,0.0,0.0,0.0
524,dependent,9.0,1,5,dependent,3,0.2223,0.00028728150894612577,0.000908,-0.712,0.31718898385565053,0.0003173601077510605,0.0004371056701430314,0,3,0,0,9,0.0,0.0,0.0,0.0,0.0
409,tennis,12.0,1,2,tennis,9,0.8631,0.00027830396179155935,0.001593,-1.471,0.34593474883480063,0.004571061384163622,0.0009806670779174082,0.25,8,6,9,12,0.5,0.75,0.004239,0.002267,0.0
425,host,11.0,1,0,host,4,0.2913,0.0002738151882142761,0.000427,-0.322,0.30198915009041594,0.000409695904674741,0.0004663296216581347,1.0,4,0,0,11,0.0,0.0,0.0,0.0,0.0
508,tests,16.0,2,1,tests | testing,13,1.5829,0.0002738151882142761,2.4e-05,4.39,0.3608860075634792,0.009896754452586356,0.0016757311099972875,0.20512820512820512,11,0,2,16,0.0,0.125,0.0,0.0,1.3e-05
239,narratives,28.0,2,6,narratives | narrative,11,1.1364,0.0002693264146369929,0.000288,-0.068,0.35139400315623354,0.0017299162832741188,0.0014339831688918838,0.09090909090909091,8,8,12,28,0.2857,0.4286,0.001678,0.005667,0.000435
379,burnout,12.0,1,3,burnout,13,1.4952,0.0002693264146369929,1.8e-05,9.995,0.36324089178901575,0.003369025690892879,0.0014648625443836106,0.23076923076923078,11,0,3,12,0.0,0.25,0.0,0.0,0.0
518,consumption,9.0,1,1,consumption,13,1.4842,0.0002693264146369929,0.000369,-0.406,0.35894680279419666,0.0039835141978233875,0.0013982785973588084,0.5256410256410257,11,1,2,9,0.1111,0.2222,0.0,0.0,0.0
519,cooperation,9.0,1,3,cooperation,6,0.5451,0.0002648376410597097,0.000702,-0.87,0.3325037332005973,0.006604241811171152,0.0006871957477638858,0.3333333333333333,6,0,1,9,0.0,0.1111,0.0,0.0,0.0
337,welfare,14.0,1,0,welfare,5,0.4288,0.00025586009390514327,0.001432,-1.593,0.3406425293217746,0.0034253776349520535,0.0006071372147947547,0,5,3,4,14,0.2143,0.2857,0.0,0.0,0.0
606,function,8.0,1,1,function,3,0.2898,0.00025137132032786007,0.000233,0.033,0.30474452554744524,0.00022169700476284637,0.0005288021306593129,0,3,0,0,8,0.0,0.0,0.0,0.0,0.0
250,forms,17.0,1,2,forms,10,0.9719,0.0002468825467505768,0.002957,-2.214,0.3488250652741514,0.0016984203134912455,0.001117019755188995,0.1111111111111111,9,0,0,17,0.0,0.0,0.0,0.0,1.3e-05
163,organisational,24.0,1,1,organisational,11,0.9916,0.00024239377317329363,0.002704,-2.1,0.35856146001073536,0.002835284279819783,0.0010349730653401868,0.03636363636363636,10,3,7,24,0.125,0.2917,0.0,0.0,3.3e-05
272,ongoing,16.0,1,6,ongoing,4,0.2984,0.00024239377317329363,0.000192,0.29,0.32537749634680957,0.0025480216353558874,0.00048297468434508,0,4,0,0,16,0.0,0.0,0.0,0.0,0.000816
506,swimming,10.0,1,6,swimming,5,0.5782,0.00024239377317329363,0.001469,-1.35,0.30868761552680224,0.0002480721703137265,0.0008528804891864614,0.4,5,0,0,10,0.0,0.0,0.0,0.0,0.0
589,conventional,8.0,1,4,conventional,4,0.469,0.00024239377317329363,0.001066,-0.891,0.3244293346284604,0.013591378412015805,0.0005754086153393727,0.3333333333333333,4,0,0,8,0.0,0.0,0.0,0.0,0.0
878,volunteers,8.0,1,3,volunteers,3,0.2196,0.00024239377317329363,0.0,0.0,0.31258773982218063,0.00036279928762036835,0.0004237665654779838,0,3,3,3,8,0.375,0.375,0.0,0.0,0.0
400,points,12.0,1,3,points,9,0.8493,0.0002334162260187272,0.005978,-3.265,0.3450413223140496,0.0032703926443577204,0.0009263699183329828,0.4166666666666667,9,1,1,12,0.0833,0.0833,0.0,0.0,0.0
552,phenomenon,9.0,1,0,phenomenon,3,0.2664,0.0002334162260187272,0.0007,-0.809,0.2998204667863555,0.0001194081858743152,0.0005660230646083017,0.6666666666666666,3,0,0,9,0.0,0.0,0.0,0.0,0.0
373,al,12.0,1,0,al,5,0.4501,0.00023117183923008558,0.000798,-1.361,0.3353413654618474,0.0017572559714077306,0.0006645965491269576,0,5,1,1,12,0.0833,0.0833,0.0,0.0,0.0
367,relevance,13.0,1,1,relevance,6,0.5119,0.00022892745244144398,0.0014,-1.508,0.34647302904564314,0.0013685956023744435,0.0006532401318849164,0.2,6,1,1,13,0.0769,0.0769,0.0,0.0,0.0
612,internet,8.0,1,4,internet,11,1.4708,0.00022892745244144398,0.000123,0.72,0.33994910941475825,0.07218815681996346,0.0012284144243092073,0.6181818181818182,10,3,3,8,0.375,0.375,0.0,0.0,0.0
247,decades,17.0,1,0,decades,5,0.4449,0.00022443867886416075,0.000784,-1.236,0.3203836930455635,0.00042653358606349585,0.0006611212022657019,0.1,5,0,0,17,0.0,0.0,0.0,0.0,9e-05
658,collegiate athletic,12.0,2,6,collegiate athletic | collegiate sport,12,2.0079,0.00022443867886416075,0.000217,0.016,0.35084033613445376,0.004546016974097107,0.001995303667817154,0.36363636363636365,10,3,5,12,0.25,0.4167,0.0,0.0,0.0
714,regime,10.0,1,0,regime,5,0.4417,0.00021994990528687754,0.0,0.0,0.3385707045108971,0.0009113313731839712,0.000606555317031887,0.1,5,1,1,10,0.1,0.1,0.0,0.0,0.0
274,responsible,16.0,1,3,responsible,5,0.4016,0.0002154611317095943,0.002301,-2.217,0.34046890927624873,0.0011299455632404318,0.0005797723258162048,0.2,5,0,3,16,0.0,0.1875,0.0,0.0,0.0
334,transformation,14.0,1,4,transformation,7,0.7929,0.0002109723581323111,0.012942,-4.405,0.34046890927624873,0.023367692056891133,0.0008199417600501639,0.23809523809523808,7,1,1,14,0.0714,0.0714,0.0,0.0,0.0
363,persistent,13.0,1,5,persistent,7,0.5644,0.0002109723581323111,0.002076,-1.692,0.3572192513368984,0.0027726639840043583,0.0006837195504651391,0.09523809523809523,7,1,1,13,0.0769,0.0769,0.0,0.0,0.0
635,soviet,8.0,1,0,soviet,7,0.9647,0.0002109723581323111,0.000973,-1.261,0.3402954661232807,0.0010717356041240645,0.0010817638928860634,0.38095238095238093,7,1,2,8,0.125,0.25,0.0,0.0,0.0
565,spain,9.0,1,4,spain,4,0.3931,0.0002064835845550279,0.0,0.0,0.32146294513955725,0.0029157624545445623,0.0005579203834352234,0,4,3,3,9,0.3333,0.3333,0.0,0.0,0.0
573,wellbeing,9.0,1,1,wellbeing,6,0.5195,0.0002064835845550279,0.004234,-3.019,0.34012219959266804,0.0024565608362140754,0.0006301931845138246,0.6666666666666666,6,1,3,9,0.1111,0.3333,0.0,0.0,0.0
536,intense,9.0,1,0,intense,2,0.1154,0.00019750603740046146,0.00044,-0.494,0.29557522123893804,0.0001580267749099213,0.00033846299496627515,0,2,0,0,9,0.0,0.0,0.0,0.0,0.0
394,interpretation,12.0,1,3,interpretation,4,0.3537,0.00019301726382317825,0.000279,-0.381,0.3211538461538462,0.000787869964375813,0.0005524478689929162,0,4,0,0,12,0.0,0.0,0.0,0.0,0.0
407,scholars,17.0,1,3,scholars,7,0.6628,0.00018852849024589502,0.000686,-0.735,0.34133878385283595,0.001003480577997463,0.0008437139033252122,0.047619047619047616,6,0,0,17,0.0,0.0,0.0,0.0,0.0
541,larger,9.0,1,0,larger,2,0.1154,0.0001795509430913286,4.1e-05,0.371,0.30432801822323463,0.00014081981275943273,0.00032947346173212703,0,2,0,0,9,0.0,0.0,0.0,0.0,0.0
571,teachers,9.0,1,2,teachers,7,0.8006,0.0001795509430913286,0.000283,-0.489,0.3425641025641026,0.0011687937133935203,0.0009482711513288985,0.23809523809523808,7,2,3,9,0.2222,0.3333,0.0,0.0,0.0
313,exploration,14.0,1,2,exploration,5,0.4181,0.00017506216951404538,0.001464,-1.453,0.326171875,0.0023712543779817285,0.0005981955384585404,0.1,5,6,6,14,0.4286,0.4286,0.002003,0.0,0.0
614,journal,8.0,1,3,journal,4,0.3106,0.00017057339593676217,2.3e-05,2.916,0.3216177178623014,0.0005394328227473036,0.0005050022084964795,0.16666666666666666,4,0,0,8,0.0,0.0,0.0,0.0,0.0
294,path,20.0,1,0,path,7,0.6464,0.00015710707520491253,0.002681,-1.843,0.32761157430112803,0.0007560816023994101,0.0007881608747232153,0.23809523809523808,7,5,7,20,0.25,0.35,6.7e-05,0.0,1.9e-05
439,respondents,11.0,1,5,respondents,5,0.4889,0.00015261830162762932,0.001808,-2.029,0.3203836930455635,0.0007134716910848468,0.0006745525191145814,0.1,5,0,0,11,0.0,0.0,0.0,0.0,0.0
587,consensus,8.0,1,1,consensus,6,0.5641,0.00015261830162762932,0.00011,0.349,0.3441524987120041,0.0021449716614690864,0.0006708764481940463,0.26666666666666666,6,3,3,8,0.375,0.375,0.00054,0.0,0.0
871,usa,11.0,2,0,usa | america,7,0.67,0.0001481295280503461,0.0,0.0,0.34575569358178054,0.0012538795321664973,0.000808918148226287,0.14285714285714285,7,3,5,11,0.2727,0.4545,0.0,0.0,0.0
264,valuable,17.0,1,5,valuable,7,0.6334,0.00013915198089577968,0.000527,-1.009,0.35343915343915344,0.002727489113127757,0.0007779302789625397,0.19047619047619047,7,0,0,17,0.0,0.0,0.0,0.0,0.0
419,elite sports systems,11.0,1,3,elite sports systems,9,0.9438,0.00013915198089577968,0.002846,-2.45,0.34846113719353156,0.0032507778623224247,0.001024385513605636,0.3333333333333333,9,1,2,11,0.0909,0.1818,0.0,0.0,0.0
510,accounts,9.0,1,6,accounts,2,0.1364,0.00013915198089577968,0.000428,-0.547,0.29794826048171275,0.0001442330348943183,0.0003581860639417322,0,2,1,1,9,0.1111,0.1111,0.0,0.0,0.0
720,sensors,10.0,1,4,sensors,15,2.8183,0.00013915198089577968,0.0,0.0,0.33349975037443835,0.1300105048513095,0.0021935031138028177,0.5047619047619047,11,1,4,10,0.1,0.4,0.0,0.0,0.0
867,tradition,10.0,1,0,tradition,3,0.2493,0.00013915198089577968,0.0,0.0,0.30826026765113057,0.0003166035445883449,0.00045967393895561515,0.3333333333333333,3,0,0,10,0.0,0.0,0.0,0.0,0.0
493,presence,10.0,1,0,presence,4,0.3829,0.00013466320731849644,0.002006,-1.994,0.32208293153326906,0.000721368429724108,0.0005618096705830285,0.3333333333333333,4,0,0,10,0.0,0.0,0.0,0.0,0.0
286,fundamental,15.0,1,9,fundamental,6,0.5836,0.00013017443374121324,0.004345,-2.833,0.3308568598315998,0.0014814902685680014,0.0008072128615248956,0.06666666666666667,5,0,0,15,0.0,0.0,0.0,0.0,0.0
491,pre,10.0,1,6,pre,3,0.2755,0.00013017443374121324,0.000117,0.085,0.3094025011579435,0.0006620303613201633,0.00047702185542556616,0.3333333333333333,3,1,1,10,0.1,0.1,0.0,0.0,0.0
520,corruption,9.0,1,5,corruption,7,0.7826,0.00013017443374121324,0.000408,-0.869,0.33669354838709675,0.002505352967363713,0.0009435722375425771,0.3333333333333333,7,4,4,9,0.4444,0.4444,0.0,0.0,0.0
435,provincial,11.0,1,5,provincial,4,0.3523,0.00012568566016393003,0.000223,-0.172,0.31524303916941954,0.00038181246392361815,0.0005634604745823954,0.16666666666666666,4,2,2,11,0.1818,0.1818,0.0,0.0,0.0
616,latter,8.0,1,2,latter,2,0.1366,0.00012568566016393003,0.000794,-1.633,0.2896790980052038,0.0003588736892231891,0.0003620674349142228,0,2,0,0,8,0.0,0.0,0.0,0.0,0.0
634,shift,13.0,1,9,shift,3,0.2495,0.00012568566016393003,2.6e-05,1.102,0.3170384432842905,0.00045624905281604504,0.0004491355440961315,0,3,3,3,13,0.2308,0.2308,0.0,0.0,0.0
270,medicine,16.0,1,4,medicine,8,0.8665,0.00012119688658664681,0.000135,-0.036,0.34791666666666665,0.009774385064793679,0.0009858154596467461,0.14285714285714285,7,4,6,16,0.25,0.375,0.002003,0.0,0.0
303,adaptation,18.0,1,1,adaptation,6,0.5915,0.00012119688658664681,0.008879,-3.897,0.32857845548450565,0.00220851061833049,0.0007555851643457248,0,6,1,6,18,0.0556,0.3333,0.0,0.0,2.9e-05
437,recruitment,11.0,1,3,recruitment,5,0.455,0.00012119688658664681,0.000182,-0.338,0.3385707045108971,0.0015160048347620033,0.0005984924078764537,0.2,5,2,4,11,0.1818,0.3636,0.0,0.0,0.0
466,correlation,10.0,1,2,correlation,5,0.6187,0.00012119688658664681,0.000419,-0.558,0.3277723258096173,0.004550298665676922,0.000761812035121296,0.4,5,0,2,10,0.0,0.2,0.0,0.0,0.0
443,significance,11.0,1,1,significance,2,0.1356,0.0001167081130093636,0.00019,-0.389,0.3030852994555354,0.00023684486582146338,0.0003461673978262832,0,2,1,1,11,0.0909,0.0909,0.0,0.0,0.0
549,multidimensional,9.0,1,4,multidimensional,5,0.4653,0.00011221933943208037,0.00054,-1.025,0.33550979407333,0.014097057916247756,0.0005783980631699933,0.3,5,2,2,9,0.2222,0.2222,0.0,0.0,0.0
380,cognitive,12.0,1,4,cognitive,3,0.2676,0.00010773056585479716,0.002865,-2.667,0.32146294513955725,0.0020996589698287715,0.00045760046779376836,0,3,2,4,12,0.1667,0.3333,0.0,0.0,0.0
596,division,8.0,1,6,division,6,0.6672,0.00010773056585479716,0.000312,-0.408,0.3336663336663337,0.0025003126310596518,0.0007973695152905392,0.5333333333333333,6,0,1,8,0.0,0.125,0.0,0.0,0.0
623,operations,8.0,1,8,operations,3,0.2758,0.00010324179227751395,0.00185,-1.721,0.3238002908385846,0.0006139313709586803,0.0004618922815671347,0,3,0,0,8,0.0,0.0,0.0,0.0,0.0
626,promising,8.0,1,4,promising,3,0.1734,0.00010324179227751395,6e-05,0.612,0.33805668016194335,0.005154599118473524,0.0003486901606918693,0,3,0,0,8,0.0,0.0,0.0,0.0,0.0
133,problems,29.0,1,9,problems,5,0.4796,9.875301870023073e-05,0.005042,-3.262,0.31156716417910446,0.0024237247906118468,0.0007015005260991801,0.1,5,4,7,29,0.1379,0.2414,0.0,0.000294,0.001506
209,crisis,19.0,1,9,crisis,8,0.8653,9.875301870023073e-05,0.002901,-2.199,0.33134920634920634,0.0012808335795931882,0.0010412083383592341,0.07142857142857142,6,4,9,19,0.2105,0.4737,0.0,0.0,0.000657
585,compliance,8.0,1,6,compliance,2,0.1258,9.426424512294751e-05,0.000324,-0.344,0.32490272373540857,0.002253352535024494,0.0003288943411072832,0,2,1,1,8,0.125,0.125,0.0,0.0,0.0
660,commercialisation,13.0,2,5,commercialisation | commercialization,4,0.4162,9.426424512294751e-05,0.001102,-1.885,0.31568998109640833,0.0008099027548807589,0.0006672809040102723,0.16666666666666666,4,2,3,13,0.1538,0.2308,0.0,0.0,0.0
330,scholarship,14.0,1,5,scholarship,3,0.1916,8.528669796838109e-05,0.006249,-3.357,0.31839847473784555,0.00038452905443010836,0.00038553283754107193,0.6666666666666666,3,0,0,14,0.0,0.0,0.0,0.0,0.0
404,requirements,12.0,1,4,requirements,5,0.5567,8.528669796838109e-05,0.000123,-0.1,0.31900668576886343,0.019199160078196033,0.0006337087256202469,0.3,5,0,0,12,0.0,0.0,0.0,0.0,0.0
416,developments,11.0,1,2,developments,2,0.1435,8.528669796838109e-05,0.00258,-2.076,0.29649356413670663,0.00027353447442753396,0.0003634349159530024,0,2,2,2,11,0.1818,0.1818,0.002003,0.002267,0.0
602,forces,8.0,1,6,forces,2,0.1325,8.528669796838109e-05,0.000331,-0.555,0.2928540113985094,0.00019866631661121225,0.00034520525872585727,0,2,1,1,8,0.125,0.125,0.0,0.0,0.0
642,tokyo,8.0,1,0,tokyo,3,0.2442,8.528669796838109e-05,0.000106,-0.228,0.3089731729879741,0.0003148198173036876,0.0004398578307026698,0.3333333333333333,3,2,2,8,0.25,0.25,0.0,0.0,0.0
780,connection,11.0,1,6,connection,5,0.4473,8.528669796838109e-05,0.0,0.0,0.33300099700897307,0.0007172886223276218,0.0006200472978407564,0,5,0,0,11,0.0,0.0,0.0,0.0,0.0
826,output,10.0,1,4,output,5,0.458,8.528669796838109e-05,0.0,0.0,0.3303659742828882,0.012331331687993016,0.0005852832635131315,0.2,5,0,1,10,0.0,0.1,0.0,0.0,0.0
473,empowerment,10.0,1,6,empowerment,3,0.2806,7.630915081381466e-05,0.000148,-0.181,0.30558096980786825,0.00032249991976655205,0.0004906592459360509,0,3,2,3,10,0.2,0.3,0.0,0.0,0.0
390,formal,12.0,1,7,formal,3,0.273,6.284283008196502e-05,0.000851,-1.138,0.2992831541218638,0.00023984895628875302,0.0005423372993193874,0,3,0,0,12,0.0,0.0,0.0,0.0,0.0
470,distribution,10.0,1,2,distribution,5,0.4886,6.284283008196502e-05,0.001345,-1.718,0.3165876777251185,0.0005988443835490689,0.0006727164680198022,0.5,5,1,1,10,0.1,0.1,0.0,0.0,0.0
220,foundation,19.0,1,3,foundation,8,0.7459,5.83540565046818e-05,0.002441,-1.815,0.3425641025641026,0.003198770147773005,0.0008794331884478903,0.25,8,0,1,19,0.0,0.0526,0.0,0.0,8e-06
289,internal,15.0,1,1,internal,3,0.2545,5.83540565046818e-05,0.002234,-2.358,0.31992337164750956,0.0004444382800977222,0.00044464221953559806,0,3,0,0,15,0.0,0.0,0.0,0.0,0.0
245,complexity,17.0,1,3,complexity,7,0.6938,5.386528292739858e-05,0.000183,-0.769,0.33184302036761054,0.004330303698448668,0.0008700852324342065,0.14285714285714285,6,1,2,17,0.0588,0.1176,0.0,0.0,0.000199
255,monitoring,17.0,1,4,monitoring,31,4.6651,5.386528292739858e-05,0.004791,-3.076,0.3761261261261261,0.22575561329857685,0.0034382437125152995,0.44516129032258067,12,4,6,17,0.2353,0.3529,0.001995,0.0,0.000207
457,acceptance,10.0,1,5,acceptance,6,0.5645,5.386528292739858e-05,0.003551,-2.895,0.35513024986709196,0.004652107731240497,0.0007227631098906168,0.2,6,2,3,10,0.2,0.3,0.0,0.0,0.0
561,responsibilities,9.0,1,1,responsibilities,3,0.2562,5.386528292739858e-05,0.000386,-1.234,0.31524303916941954,0.0005582905613406111,0.00044208411202629523,0.3333333333333333,3,1,1,9,0.1111,0.1111,0.0,0.0,0.0
644,urgent,8.0,1,2,urgent,2,0.1416,5.386528292739858e-05,0.002257,-2.358,0.3203836930455635,0.0028723919017815827,0.00033316717236411917,0,2,0,0,8,0.0,0.0,0.0,0.0,0.0
426,ii,11.0,1,6,ii,2,0.162,4.9376509350115365e-05,0.000219,-0.384,0.2901824500434405,0.00019404840698075918,0.0003907898696254231,0,2,1,1,11,0.0909,0.0909,0.0,0.0,0.0
442,sensitive,11.0,1,1,sensitive,3,0.2229,4.488773577283215e-05,0.001318,-2.246,0.31673779042200095,0.0004969442671150475,0.00041505364467495353,0.6666666666666666,3,0,2,11,0.0,0.1818,0.0,0.0,0.0
497,regard,10.0,1,2,regard,2,0.1464,4.039896219554893e-05,0.00041,-1.294,0.3062815222375057,0.0013459162055036384,0.00035019635851912643,0,2,0,0,10,0.0,0.0,0.0,0.0,0.0
358,intensity,13.0,1,4,intensity,6,0.667,2.2443867886416076e-05,0.002578,-2.426,0.33118492811105604,0.023294983877999033,0.0007572323180607052,0.2,6,1,1,13,0.0769,0.0769,0.0,0.0,0.0
489,persons,10.0,1,9,persons,3,0.3507,2.2443867886416076e-05,6.2e-05,-0.527,0.3104089219330855,0.0033751647556169435,0.0005372813249776002,0.3333333333333333,3,0,0,10,0.0,0.0,0.0,0.0,0.0
539,isolation,9.0,1,1,isolation,3,0.2343,2.2443867886416076e-05,1.7e-05,0.292,0.3081180811808118,0.00048585885953913543,0.00044123692482862006,0,3,1,1,9,0.1111,0.1111,0.0,0.0,0.0
601,fit,8.0,1,7,fit,3,0.2959,2.2443867886416076e-05,0.000517,-1.433,0.3225494929985514,0.0009064147577055611,0.00046924716927189685,0,3,1,1,8,0.125,0.125,0.0,0.0,0.0
357,intelligent,13.0,1,4,intelligent,20,3.1593,1.795509430913286e-05,0.00106,-1.388,0.3506561679790026,0.15308563593583852,0.0024192788227348837,0.5105263157894737,12,5,5,13,0.3846,0.3846,1.8e-05,0.0,2e-06
381,combination,12.0,1,4,combination,2,0.1786,1.795509430913286e-05,0.001549,-2.192,0.28401360544217685,0.0011723875165658743,0.00039636069536980905,0,2,0,0,12,0.0,0.0,0.0,0.0,0.0
503,sociological,16.0,2,3,sociological | sociology,4,0.3634,1.795509430913286e-05,0.001886,-2.058,0.3223938223938224,0.006493267853352134,0.000512982087756777,0.3333333333333333,4,5,5,16,0.3125,0.3125,0.0,0.0,3e-05
574,willingness,9.0,1,0,willingness,2,0.1932,1.795509430913286e-05,0.000561,-0.963,0.27740863787375414,7.418431125748694e-05,0.0004319416352351207,0,2,0,0,9,0.0,0.0,0.0,0.0,0.0
428,interests,11.0,1,0,interests,5,0.5674,1.3466320731849644e-05,0.001167,-1.446,0.33349975037443835,0.001026384553228489,0.0007336505220424132,0.3,5,0,0,11,0.0,0.0,0.0,0.0,0.0
237,features,18.0,1,4,features,3,0.3159,8.97754715456643e-06,0.000963,-1.49,0.2874354561101549,0.004909224906282419,0.0006176424342097004,0.3333333333333333,3,2,2,18,0.1111,0.1111,0.0,0.0,2.2e-05
241,overview,18.0,1,5,overview,6,0.6351,8.97754715456643e-06,0.000836,-1.329,0.33652392947103277,0.0016172847464869407,0.0007521369426130998,0.5333333333333333,6,2,2,18,0.1111,0.1111,0.0,0.0,0.000313
275,similar,23.0,2,1,similar | related,3,0.2539,8.97754715456643e-06,0.001813,-2.192,0.2908141053548106,0.0018966157178626085,0.00048024294079819204,0,3,0,0,23,0.0,0.0,0.0,0.0,0.000585
387,discrimination,12.0,1,2,discrimination,9,1.1347,4.488773577283215e-06,0.001196,-1.882,0.3471933471933472,0.0014816558396382297,0.0012480754946238872,0.3611111111111111,8,1,4,12,0.0833,0.3333,0.0,0.0,0.0
627,prospects,8.0,1,7,prospects,2,0.1992,4.488773577283215e-06,9.7e-05,-0.234,0.28449744463373083,0.0002797844225468418,0.0004153122179106842,0,2,3,3,8,0.375,0.375,0.0,0.0,0.0
290,lives,15.0,1,1,lives,1,0.093,0.0,0.000571,-0.919,0.2794979079497908,0.000287259823050417,0.0003001536527059257,0,1,0,0,15,0.0,0.0,0.0,0.0,8e-06
307,collective,14.0,1,2,collective,1,0.1,0.0,0.00267,-2.301,0.2638230647709321,4.6796002094121586e-05,0.0003377596440682978,0,1,0,2,14,0.0,0.1429,0.0,0.0,0.0
312,europe,14.0,1,0,europe,4,0.4323,0.0,0.00329,-2.671,0.30076542098153985,0.00022576602429814246,0.0007884221155664804,0.3333333333333333,3,3,5,14,0.2143,0.3571,5.4e-05,0.0,3.3e-05
319,limitations,14.0,1,3,limitations,2,0.1749,0.0,0.001417,-1.899,0.3015801354401806,0.0006456968240095871,0.00037653340846902794,1.0,2,0,0,14,0.0,0.0,0.0,0.0,0.0
464,co,10.0,1,4,co,2,0.2313,0.0,0.000199,-0.905,0.30755064456721914,0.003644743367712833,0.000405311643650738,0,2,4,4,10,0.4,0.4,0.001999,0.0,0.0
523,definition,9.0,1,1,definition,1,0.0577,0.0,0.002725,-2.458,0.26924627166465137,0.00011874008711239545,0.0002863216931227742,0,1,0,0,9,0.0,0.0,0.0,0.0,0.0
532,governing,9.0,1,5,governing,5,1.5153,0.0,0.001694,-1.727,0.3176414645744175,0.0016379987558636962,0.0015025055826446154,0.9,5,1,1,9,0.1111,0.1111,0.0,0.0,0.0
556,re,9.0,1,0,re,1,0.0789,0.0,0.000321,-0.731,0.2776392352452203,7.672278715155127e-05,0.00029527563179513727,0,1,5,5,9,0.5556,0.5556,0.0,0.0,0.0
567,sports events,9.0,1,0,sports events,1,0.1525,0.0,0.000826,-1.756,0.2696810658054098,0.00021185296873187245,0.0003683716615863194,0,1,1,2,9,0.1111,0.2222,0.0,0.0,0.0
568,stable,9.0,1,5,stable,2,0.2875,0.0,0.001211,-1.572,0.29741763134461263,0.0006822636387173506,0.0005311644191684421,0,2,0,0,9,0.0,0.0,0.0,0.0,0.0
577,avenues,8.0,1,6,avenues,2,0.1257,0.0,0.000143,-0.369,0.3060009161704077,0.0003117070713482826,0.0003396524509230658,0,2,0,1,8,0.0,0.125,0.0,0.0,0.0
581,classification,8.0,1,3,classification,1,0.0588,0.0,0.000428,-0.762,0.28942807625649913,0.0004950688456587219,0.00027042660913987606,0,1,0,3,8,0.0,0.375,0.0,0.0,0.0
592,disability sport,8.0,1,9,disability sport,4,0.8074,0.0,0.00022,-0.753,0.3017163504968383,0.0007027671639763911,0.0009856869662654916,0.8333333333333334,4,2,5,8,0.25,0.625,0.0,0.0,0.0
600,females,8.0,1,1,females,2,0.2061,0.0,2.3e-05,-0.534,0.30076542098153985,0.001234266550601167,0.00041069967661434544,1.0,2,0,0,8,0.0,0.0,0.0,0.0,0.0
605,frequency,8.0,1,4,frequency,1,0.0769,0.0,0.000219,-0.516,0.2938847338319402,0.0035810954031405763,0.00028124516721587223,0,1,1,1,8,0.125,0.125,0.0,0.0,0.0
607,gdr,8.0,1,0,gdr,5,0.7486,0.0,0.000852,-1.387,0.30198915009041594,0.0005251286041838419,0.0010027392040091565,0.5,4,4,5,8,0.5,0.625,0.0,0.0,0.0
608,governing bodies,8.0,1,5,governing bodies,5,1.4842,0.0,5.4e-05,-0.934,0.3176414645744175,0.0015413132839667515,0.0014768848746735432,0.9,5,1,1,8,0.125,0.125,0.0,0.0,0.0
622,movements,8.0,1,6,movements,1,0.037,0.0,0.000222,-0.52,0.29414354909731394,0.0004647310015517061,0.0002581101272965488,0,1,1,1,8,0.125,0.125,0.0,0.0,0.0
629,qualities,8.0,1,2,qualities,3,0.2159,0.0,8.7e-05,-0.216,0.30572082379862703,0.0002137782174341441,0.0004213057510385188,0.6666666666666666,3,1,1,8,0.125,0.125,0.0,0.0,0.0
631,republic,8.0,1,0,republic,3,0.495,0.0,0.001024,-1.721,0.28510456679470764,0.00023024679108616338,0.0007335610857447414,1.0,3,1,1,8,0.125,0.125,0.0,0.0,0.0
632,retrospective,8.0,1,1,retrospective,2,0.1092,0.0,6.1e-05,-0.574,0.30911614993058767,0.0027172856982209965,0.00031390735330443127,0,2,1,1,8,0.125,0.125,0.0,0.0,0.0
636,spirit,8.0,1,2,spirit,2,0.1932,0.0,0.000712,-1.252,0.29702089817696753,0.0016471379856683893,0.00040862476036298656,0,2,1,3,8,0.125,0.375,0.0,0.0,0.0
641,surveillance,8.0,1,2,surveillance,2,0.2083,0.0,2.2e-05,-0.413,0.2893027284538761,0.00036556042066810584,0.0004340724565694596,1.0,2,1,1,8,0.125,0.125,0.0,0.0,0.0
645,vulnerability,8.0,1,1,vulnerability,4,0.2804,0.0,0.001217,-1.666,0.33771486349848334,0.0015122545905477268,0.0004418322954891664,0.6666666666666666,4,3,3,8,0.375,0.375,0.0,0.0,0.0
781,construct,10.0,1,2,construct,1,0.0769,0.0,0.0,0.0,0.28389290267743306,0.0005117004778250121,0.00029155089254467154,0,1,0,0,10,0.0,0.0,0.0,0.0,0.0
